Rank,Title,Genre,Year,Average,Ratings,Polarizing
1,Grumpier Old Men,Comedy,1995,3.040540541,148,148
2,101 Dalmatians,Thriller,1996,2.908256881,109,109
3,Hoodlum,Thriller,1997,2.931506849,73,97.33333333
4,The  Nutty Professor,Comedy,1996,2.914110429,163,81.5
5,The  Man Who Knew Too Little,Action Horror Sci-Fi,1997,2.923076923,52,69.33333333
6,The  Preacher's Wife,War,1996,2.926470588,68,68
7,Evita,Comedy,1996,2.980694981,259,64.75
8,Star Trek: The Motion Picture,Action Adventure,1979,3.034188034,117,58.5
9,Nine Months,Comedy Drama,1995,2.931034483,58,58
10,Thanks for Everything! Julie Newmar  To Wong Foo,Comedy,1995,2.894736842,57,57
11,First Kid,Drama,1996,2.925,40,53.33333333
12,Angels in the Outfield,Children,1994,2.923076923,39,52
13,To Gillian on Her 37th Birthday,Documentary,1996,3.068181818,44,44
14,Tales From the Crypt Presents: Demon Knight,Action Adventure,1995,2.976744186,43,43
15,Renaissance Man,Thriller,1994,3,43,43
16,First Knight,Comedy,1995,3.023255814,86,43
17,Rising Sun,Action,1993,2.906976744,43,43
18,The  Transformers: The Movie,Drama,1986,2.84375,32,42.66666667
19,Love Jones,Romance,1997,3.095238095,42,42
20,The  Shaggy Dog,Crime,1959,3,30,40
21,The  Net,Crime,1995,3.008333333,120,40
22,The  First Wives Club,Children,1996,3.01875,160,40
23,The  Lost World: Jurassic Park,Romance,1997,2.943037975,158,39.5
24,The  Adventures of Pinocchio,Comedy Drama,1996,3.051282051,39,39
25,Assassins,Comedy,1995,2.871794872,39,39
26,Reality Bites,Drama,1994,2.961038961,77,38.5
27,The  Howling,Drama,1981,3.026315789,38,38
28,The  Crossing Guard,Drama,1995,3,28,37.33333333
29,Body Snatchers,Horror,1993,3,36,36
30,Conan the Barbarian,Action Adventure,1981,3.046728972,107,35.66666667
31,Don't Be a Menace to South Central While Drinking Your Juice in the Hood,Children,1996,2.771428571,35,35
32,Anna Karenina,Crime,1997,3.090909091,33,33
33,Body Snatchers,Thriller,1993,2.939393939,33,33
34,Tommy Boy,Children,1995,2.909090909,66,33
35,The  House of the Spirits,Romance,1993,3.041666667,24,32
36,The  Fan,Children,1996,3.09375,64,32
37,Eye for an Eye,Thriller,1996,3.03125,32,32
38,The  Prophecy,Comedy Drama,1995,2.9375,32,32
39,Natural Born Killers,Thriller,1994,2.953125,128,32
40,Hard Rain,Thriller,1998,2.903225806,31,31
41,Jude,Comedy Drama,1996,3,23,30.66666667
42,Escape to Witch Mountain,Drama,1975,2.966666667,30,30
43,Four Rooms,Comedy Drama,1995,3.033333333,90,30
44,Georgia,Children,1995,2.9,30,30
45,Mary Shelley's Frankenstein,Western,1994,3.06779661,59,29.5
46,Blood & Wine,Thriller,1997,2.863636364,22,29.33333333
47,The  Ref,Drama,1994,3.034482759,58,29
48,The  Evening Star,Drama,1996,2.931034483,29,29
49,The  Cook the Thief His Wife & Her Lover,War,1989,3.024390244,82,27.33333333
50,The  Juror,Comedy,1996,2.817073171,82,27.33333333
51,A  Goofy Movie,Drama,1995,2.9,20,26.66666667
52,Dante's Peak,Mystery,1997,2.933333333,240,26.66666667
53,Casper,Action Adventure,1995,3.076923077,52,26
54,In the Mouth of Madness,Comedy,1995,2.884615385,26,26
55,A  Smile Like Yours,Thriller,1997,2.88,25,25
56,Dirty Dancing,Crime,1987,3.102040816,98,24.5
57,Mortal Kombat,Children,1995,2.87755102,49,24.5
58,The  Parent Trap,Children,1961,3.095890411,73,24.33333333
59,The  House of Yes,Comedy,1997,3,18,24
60,Robert A. Heinlein's The Puppet Masters,Comedy,1994,3,18,24
61,The  Doors,Drama,1991,2.97826087,46,23
62,Junior,Drama,1994,3.022222222,45,22.5
63,Mrs. Winterbourne,Drama,1996,3.045454545,22,22
64,Balto,Comedy,1995,3,16,21.33333333
65,187,Thriller,1997,3.024390244,41,20.5
66,Sphere,Thriller,1998,2.926829268,41,20.5
67,Tank Girl,Drama,1995,2.853658537,41,20.5
68,Picture Perfect,Drama,1997,2.962962963,81,20.25
69,Foxfire,Drama,1996,2.933333333,15,20
70,Disclosure,Thriller,1994,3,40,20
71,Kiss of Death,Comedy,1995,2.85,20,20
72,Maximum Risk,Thriller,1996,2.8,20,20
73,Home Alone,Children,1990,3.087591241,137,19.57142857
74,Judge Dredd,Children,1995,2.897435897,39,19.5
75,Home for the Holidays,Thriller,1995,3.155172414,58,19.33333333
76,Star Maps,Drama,1997,3.052631579,19,19
77,Blink,Comedy,1994,3,19,19
78,So I Married an Axe Murderer,Children,1993,3.052631579,95,19
79,Cliffhanger,Comedy Sci-Fi,1993,3.021505376,93,18.6
80,Romeo Is Bleeding,Children,1993,3,37,18.5
81,Father of the Bride Part II,Documentary,1995,2.8984375,128,18.28571429
82,She's the One,Comedy,1996,3.01369863,73,18.25
83,Lost in Space,Thriller,1998,3.166666667,18,18
84,Metro,Crime,1997,2.916666667,36,18
85,The  Little Rascals,Comedy,1994,2.722222222,18,18
86,Barcelona,Drama,1994,3.018867925,53,17.66666667
87,Palookaville,Comedy,1996,2.923076923,13,17.33333333
88,Beavis and Butt-head Do America,War,1996,2.788461538,156,17.33333333
89,Dumb & Dumber,Romance,1994,3,69,17.25
90,I'm Not Rappaport,Drama Musical,1996,3,17,17
91,Switchback,Drama,1997,2.823529412,17,17
92,Private Benjamin,Comedy,1980,2.955223881,67,16.75
93,The  Great White Hype,Thriller,1996,2.755102041,49,16.33333333
94,Losing Isaiah,Crime,1995,3,12,16
95,Party Girl,Romance,1995,2.875,16,16
96,Little Big League,Children,1994,2.875,16,16
97,Love Affair,Comedy Musical,1994,2.833333333,12,16
98,Bastard Out of Carolina,Action,1996,2.875,16,16
99,Boomerang,Documentary,1992,2.8125,32,16
100,Dragonheart,Children,1996,3.082278481,158,15.8
101,Alien: Resurrection,Drama,1997,3.096774194,124,15.5
102,Threesome,Romance,1994,2.838709677,31,15.5
103,Money Talks,Drama,1997,2.933333333,45,15
104,Critical Care,Comedy Mystery,1997,3.090909091,11,14.66666667
105,King of the Wild Frontier  Davy Crockett,Children,1955,2.909090909,11,14.66666667
106,Nick of Time,Drama,1995,3.045454545,44,14.66666667
107,The  Truman Show,Documentary,1998,2.909090909,11,14.66666667
108,Waterworld,Drama,1995,2.803921569,102,14.57142857
109,If Lucy Fell,Romance,1996,2.75862069,29,14.5
110,Wild Reeds,Comedy,1994,3.142857143,14,14
111,Romy and Michele's High School Reunion,Children,1997,3.06122449,98,14
112,Blues Brothers 2000,Action,1998,2.821428571,28,14
113,Mulholland Falls,Comedy,1996,2.87804878,82,13.66666667
114,Lightning Jack,Comedy,1994,3,10,13.33333333
115,She's So Lovely,Action Comedy,1997,2.735849057,53,13.25
116,Star Trek III: The Search for Spock,Action Adventure,1984,3.111111111,171,13.15384615
117,Withnail and I,Drama,1987,3.230769231,13,13
118,Roommates,Thriller,1995,3.230769231,13,13
119,Kicking and Screaming,Thriller,1995,2.923076923,13,13
120,Before and After,Drama,1996,2.846153846,26,13
121,Aladdin and the King of Thieves,Children,1996,2.846153846,26,13
122,Something to Talk About,Drama,1995,2.769230769,26,13
123,The  Apple Dumpling Gang,Children,1975,2.84,25,12.5
124,Billy Madison,Comedy,1995,3.081081081,37,12.33333333
125,The  Fox and the Hound,Romance,1981,3.147540984,61,12.2
126,Broken Arrow,Crime,1996,3.031496063,254,12.0952381
127,Little Lord Fauntleroy,Musical,1936,3.166666667,12,12
128,Wild America,Crime,1997,2.888888889,9,12
129,The  Quick and the Dead,Horror,1995,3.208333333,48,12
130,U.S. Marshalls,Comedy,1998,3,9,12
131,Fools Rush In,Romance,1997,3,24,12
132,For Love or Money,Action,1993,2.833333333,12,12
133,Poetic Justice,Action Drama,1993,2.777777778,9,12
134,The  Trigger Effect,Drama,1996,3.2,35,11.66666667
135,The  Craft,Children,1996,3.115384615,104,11.55555556
136,Stargate,Children,1994,3.141732283,127,11.54545455
137,With Honors,Drama,1994,3.065217391,46,11.5
138,Cemetery Man,Children,1994,2.869565217,23,11.5
139,Murder at 1600,Thriller,1997,3.087155963,218,11.47368421
140,Midnight in the Garden of Good and Evil,Romance,1997,3.1625,80,11.42857143
141,Mars Attacks!,Comedy Drama,1996,2.847926267,217,11.42105263
142,Boys on the Side,Romance,1995,3.147058824,34,11.33333333
143,Blue in the Face,Comedy Drama,1995,3.177777778,45,11.25
144,Species,Romance,1995,2.866666667,45,11.25
145,The  Shadow,Documentary,1994,2.888888889,45,11.25
146,The  Three Caballeros,Children,1945,3.272727273,22,11
147,Carried Away,Drama,1996,3,11,11
148,Fear,Thriller,1996,3.159090909,44,11
149,Clockers,Drama,1995,3,33,11
150,Fire Down Below,Comedy Drama,1997,2.931818182,44,11
151,Shadow Conspiracy,Drama,1997,2.863636364,44,11
152,The  Brady Bunch Movie,Thriller,1995,2.802631579,76,10.85714286
153,Kids in the Hall: Brain Candy,Comedy Sci-Fi,1996,3.076923077,65,10.83333333
154,Serial Mom,Action,1994,2.814814815,54,10.8
155,The  Chamber,Western,1996,3.093023256,43,10.75
156,Full Speed,Action Adventure,1996,3.125,8,10.66666667
157,Grace of My Heart,Drama,1996,3.25,8,10.66666667
158,Rent-a-Kid,Comedy Drama,1995,3,8,10.66666667
159,Jason's Lyric,Drama,1994,3,8,10.66666667
160,Penny Serenade,Romance,1941,3,8,10.66666667
161,Curdled,Drama,1996,2.75,8,10.66666667
162,Jimmy Hollywood,Comedy Mystery,1994,2.875,8,10.66666667
163,Homeward Bound II: Lost in San Francisco,Action Adventure,1996,2.78125,32,10.66666667
164,A  Life Less Ordinary,Drama,1997,3.075471698,53,10.6
165,Oscar & Lucinda,Comedy,1997,3.19047619,21,10.5
166,How to Be a Player,Crime,1997,2.761904762,21,10.5
167,The  Arrival,Adventure,1996,3.036144578,83,10.375
168,Timecop,Action,1994,3.096774194,31,10.33333333
169,The  Santa Clause,Drama,1994,3.097560976,82,10.25
170,Demolition Man,Comedy,1993,3.152173913,92,10.22222222
171,Tin Men,Drama,1987,3.078431373,51,10.2
172,Bitter Moon,Romance,1992,3.3,10,10
173,Picture Bride,Drama,1995,3.1,10,10
174,Clean Slate,Western,1994,2.8,10,10
175,Gold Diggers: The Secret of Bear Mountain,Comedy,1995,3.1,10,10
176,The  Browning Version,Drama,1994,3,10,10
177,Warriors of Virtue,Drama,1997,3,10,10
178,Bram Stoker's Dracula,Thriller,1992,3.158333333,120,10
179,The  White Balloon,Drama,1995,2.8,10,10
180,FairyTale: A True Story,Crime,1997,2.966666667,30,10
181,Harriet the Spy,Action Adventure,1996,2.7,40,10
182,Mother,Thriller,1996,3.130177515,169,9.941176471
183,Sirens,Romance,1994,2.983050847,59,9.833333333
184,Only You,Romance,1994,3.153846154,39,9.75
185,The  Indian in the Cupboard,Comedy,1995,2.820512821,39,9.75
186,The  Jackal,War,1997,3.149425287,87,9.666666667
187,The  Bridges of Madison County,Comedy,1995,3.164179104,67,9.571428571
188,Multiplicity,Romance,1996,2.835820896,134,9.571428571
189,Surviving Picasso,Comedy,1996,3.105263158,19,9.5
190,Bedknobs and Broomsticks,Musical,1971,3.070175439,57,9.5
191,Mad City,Drama,1997,3.255319149,47,9.4
192,Dream With the Fishes,Romance,1997,3.142857143,7,9.333333333
193,The  Swan Princess,Drama,1994,2.857142857,7,9.333333333
194,Love and Other Catastrophes,Drama,1996,2.857142857,7,9.333333333
195,Just Cause,Comedy,1995,3.142857143,28,9.333333333
196,Faster Pussycat! Kill! Kill!,Documentary,1965,3,7,9.333333333
197,The  Horse Whisperer,Drama,1998,2.714285714,7,9.333333333
198,Milk Money,Drama Horror,1994,2.72972973,37,9.25
199,I Know What You Did Last Summer,Comedy,1997,3.06,100,9.090909091
200,The  Saint,Romance,1997,3.123417722,316,9.028571429
201,The  Grass Harp,Comedy,1995,3.222222222,9,9
202,Afterglow,Comedy Drama,1997,3.111111111,18,9
203,Contempt,Thriller,1963,3,9,9
204,Andre,Documentary,1994,3.111111111,18,9
205,Spanking the Monkey,Drama,1994,3.074074074,27,9
206,The  Aristocats,Children,1970,3.12962963,54,9
207,James and the Giant Peach,War,1996,3.126984127,126,9
208,Speechless,Action Sci-Fi,1994,3.083333333,36,9
209,Dead Presidents,Comedy,1995,2.722222222,18,9
210,The  Devil's Own,Romance,1997,3.108333333,240,8.888888889
211,Forget Paris,Thriller,1995,3.193548387,62,8.857142857
212,A  Nightmare on Elm Street,Romance,1984,3.171171171,111,8.538461538
213,Mute Witness,Horror,1994,2.941176471,17,8.5
214,Space Jam,Romance,1996,2.774193548,93,8.454545455
215,The  Relic,Drama,1997,2.88,25,8.333333333
216,Eraser,Comedy Drama,1996,3.150485437,206,8.24
217,Volcano,Action Adventure,1997,2.808219178,219,8.111111111
218,Interview with the Vampire,Children,1994,3.182481752,137,8.058823529
219,Angel and the Badman,Western,1947,3,6,8
220,Bhaji on the Beach,Noir,1993,2.875,8,8
221,Losing Chase,Drama,1996,3.25,8,8
222,Caught,Romance,1996,3.25,8,8
223,Nina Takes a Lover,Comedy Drama,1994,2.833333333,6,8
224,The  Secret Agent,Comedy,1996,3,6,8
225,Kissed,Thriller,1996,3,6,8
226,Powder,Drama,1995,3.208333333,48,8
227,Tetsuo II: Body Hammer,Romance,1992,2.666666667,6,8
228,Infinity,Comedy,1996,2.666666667,6,8
229,The  Air Up There,Crime,1994,2.8125,16,8
230,Exit to Eden,Children,1994,2.75,16,8
231,Gang Related,Drama,1997,2.6875,16,8
232,Cat People,Horror,1982,2.895833333,48,8
233,City of Angels,Adventure Sci-Fi,1998,3,8,8
234,The  Glimmer Man,Children,1996,2.75,48,8
235,Ace Ventura: Pet Detective,Thriller,1994,3.048543689,103,7.923076923
236,Addams Family Values,Drama,1993,2.816091954,87,7.909090909
237,City Hall,Drama,1996,3.139240506,79,7.9
238,Diabolique,Drama,1996,2.887323944,71,7.888888889
239,Lost Highway,Thriller,1997,3.136,125,7.8125
240,Corrina  Corrina,Romance,1994,3.153846154,39,7.8
241,Jack,Comedy,1996,3.142857143,70,7.777777778
242,The  Program,Action Drama Mystery,1993,2.838709677,31,7.75
243,Up Close and Personal,Thriller,1996,3.188235294,85,7.727272727
244,Addicted to Love,Drama,1997,3.166666667,54,7.714285714
245,The  River Wild,Drama,1994,3.143835616,146,7.684210526
246,Live Nude Girls,Comedy,1995,3.086956522,23,7.666666667
247,From Dusk Till Dawn,Drama,1996,3.119565217,92,7.666666667
248,Until the End of the World,Comedy,1991,2.826086957,23,7.666666667
249,Virtuosity,Romance,1995,2.736842105,38,7.6
250,Higher Learning,Drama,1995,3.333333333,30,7.5
251,Go Fish,Comedy,1994,3.2,15,7.5
252,Love  Bye Bye,Drama,1995,3.133333333,15,7.5
253,Princess Caraboo,Romance,1994,3.133333333,15,7.5
254,Cobb,Drama,1994,2.8,15,7.5
255,Unstrung Heroes,Documentary,1995,3.318181818,22,7.333333333
256,A  Kid in King Arthur's Court,Drama Horror,1995,2.727272727,22,7.333333333
257,Oliver & Company,Comedy Musical,1988,2.772727273,22,7.333333333
258,Pete's Dragon,Comedy,1977,2.720930233,43,7.166666667
259,Alien 3,Horror,1992,2.83,100,7.142857143
260,Daylight,Children,1996,2.771929825,57,7.125
261,Paradise Road,Comedy Drama,1997,3.285714286,7,7
262,Year of the Horse,Horror,1997,3.285714286,7,7
263,The  Pompatus of Love,Thriller,1996,3,7,7
264,Two Much,Comedy Drama,1996,2.428571429,7,7
265,The  Perez Family,Comedy Drama,1995,2.642857143,14,7
266,Purple Noon,Comedy Horror,1960,3.142857143,7,7
267,Swept from the Sea,Drama,1997,2.428571429,7,7
268,Deceiver,Drama,1997,2.857142857,28,7
269,Wes Craven's New Nightmare,Thriller,1994,2.8,35,7
270,Fierce Creatures,Thriller,1997,3.114583333,96,6.857142857
271,Pollyanna,Children,1960,3.148148148,27,6.75
272,Sudden Death,Comedy,1995,2.723404255,47,6.714285714
273,Roseanna's Grave,Sci-Fi,1997,2.8,5,6.666666667
274,Romper Stomper,Crime,1992,3,5,6.666666667
275,Above the Rim,Romance,1994,3,5,6.666666667
276,Indian Summer,Romance,1996,3.25,20,6.666666667
277,Race the Sun,Drama,1996,2.8,5,6.666666667
278,Midnight Dancers,Drama,1994,2.8,5,6.666666667
279,1-900,Drama,1994,2.6,5,6.666666667
280,Carpool,Documentary,1996,2.8,5,6.666666667
281,Eddie,Children,1996,2.7,40,6.666666667
282,Half Baked,Drama,1998,2.5,20,6.666666667
283,Heavy Metal,Children,1981,3.260273973,73,6.636363636
284,My Fellow Americans,Drama,1996,3.162790698,86,6.615384615
285,The  Blob,Horror,1958,2.717391304,46,6.571428571
286,Soul Food,Action Comedy,1997,3.169491525,59,6.555555556
287,The  Tango Lesson,Action Adventure,1997,3.384615385,13,6.5
288,Manny & Lo,Drama,1996,3.153846154,13,6.5
289,Telling Lies in America,Documentary,1997,3.230769231,13,6.5
290,Alaska,Action Adventure,1996,2.692307692,13,6.5
291,Heidi Fleiss: Hollywood Madam,Romance,1995,2.692307692,13,6.5
292,Mary Reilly,Romance,1996,2.820512821,39,6.5
293,Tie Me Up! Tie Me Down!,Thriller,1990,3.1875,32,6.4
294,The  Ghost and the Darkness,Drama,1996,3.203125,128,6.4
295,Cats Don't Dance,Romance,1997,2.84375,32,6.4
296,The  MatchMaker,Drama,1997,3.176470588,51,6.375
297,Bad Boys,Thriller,1995,3.105263158,57,6.333333333
298,Fatal Instinct,Romance,1993,2.631578947,19,6.333333333
299,Down Periscope,Drama,1996,2.702970297,101,6.3125
300,Liar Liar,Thriller,1997,3.156701031,485,6.298701299
301,Young Guns II,Drama,1990,2.772727273,44,6.285714286
302,Fearless,Thriller,1993,3.24,25,6.25
303,Trees Lounge,Drama,1996,3.24,50,6.25
304,Wyatt Earp,Thriller,1994,3.1,50,6.25
305,Girl 6,Comedy,1996,2.76,25,6.25
306,The  Love Bug,Children,1969,2.78,50,6.25
307,Austin Powers: International Man of Mystery,Action Sci-Fi,1997,3.246153846,130,6.19047619
308,Hot Shots! Part Deux,Romance,1993,2.764705882,68,6.181818182
309,Black Sheep,Thriller,1996,2.636363636,55,6.111111111
310,Twister,Documentary,1996,3.215017065,293,6.104166667
311,Bean,Action Drama,1997,2.659340659,91,6.066666667
312,Tin Cup,Drama,1996,3.160621762,193,6.03125
313,Boy's Life 2,Romance,1997,3.333333333,6,6
314,Alphaville,Romance,1965,3.333333333,12,6
315,Duoluo tianshi,Drama,1995,3.166666667,6,6
316,Bread and Chocolate,Drama,1973,3.166666667,12,6
317,Flesh and Bone,Crime,1993,2.833333333,6,6
318,Stalingrad,Romance,1993,3.166666667,12,6
319,Love & Human Remains,Comedy,1993,3.166666667,12,6
320,Bed of Roses,Drama,1996,3.233333333,60,6
321,Amateur,Comedy,1994,3.166666667,18,6
322,Smilla's Sense of Snow,War,1997,3.166666667,48,6
323,Shiloh,Action Adventure,1997,2.833333333,12,6
324,Beyond Rangoon,Drama,1995,3.055555556,18,6
325,Bad Moon,Drama,1996,2.666666667,6,6
326,The  Van,Comedy,1996,2.666666667,6,6
327,Nixon,Drama,1995,3.122222222,90,6
328,Firestorm,Crime,1998,2.833333333,18,6
329,Hurricane Streets,Drama,1998,2.333333333,6,6
330,Mimic,Thriller,1997,2.742574257,101,5.941176471
331,Kalifornia,Romance,1993,3.220338983,59,5.9
332,Scream 2,Drama,1997,3.216981132,106,5.888888889
333,Flubber,Comedy,1997,2.754716981,53,5.888888889
334,Last Man Standing,Thriller,1996,2.660377358,53,5.888888889
335,Kingpin,Fantasy,1996,3.12962963,162,5.785714286
336,Robin Hood: Prince of Thieves,Crime,1991,3.226666667,75,5.769230769
337,Malice,Comedy,1993,3.173913043,46,5.75
338,Naked Gun 33 1/3: The Final Insult,Action Adventure,1994,2.782608696,69,5.75
339,A  Walk in the Clouds,Action Adventure,1995,3.285714286,63,5.727272727
340,The  Big Blue,Romance,1988,3.235294118,17,5.666666667
341,Farinelli: il castrato,Fantasy,1994,3.117647059,17,5.666666667
342,Young Guns,Action,1988,3.207920792,101,5.611111111
343,The  Mask,Western,1994,3.19379845,129,5.608695652
344,Passion Fish,Documentary,1992,3.178571429,28,5.6
345,Muppet Treasure Island,War,1996,2.761904762,84,5.6
346,That Old Feeling,Crime,1997,3.363636364,11,5.5
347,Strawberry and Chocolate,Drama,1993,3.272727273,11,5.5
348,My Crazy Life,Thriller,1993,3.181818182,11,5.5
349,Mother Night,Drama,1996,3.181818182,22,5.5
350,American Buffalo,Children,1996,2.636363636,11,5.5
351,Village of the Damned,Action Adventure,1995,2.681818182,22,5.5
352,Starship Troopers,Drama,1997,3.232227488,211,5.41025641
353,C'est arrivé près de chez vous,Action Adventure,1992,3,4,5.333333333
354,Faces,Crime,1968,3,4,5.333333333
355,Professore!  Ciao,Comedy Drama,1993,2.75,4,5.333333333
356,Loch Ness,Western,1995,2.5,4,5.333333333
357,The  Newton Boys,Drama,1998,3,4,5.333333333
358,Schizopolis,Drama,1996,3,4,5.333333333
359,Mr. Wonderful,Thriller,1993,3,4,5.333333333
360,Head Above Water,Children,1996,3,4,5.333333333
361,Sliding Doors,Drama,1998,2.75,4,5.333333333
362,The  Underneath,Drama,1995,2.75,4,5.333333333
363,Caro Diario,Comedy,1994,2.75,4,5.333333333
364,Ladybird Ladybird,Comedy,1994,2.75,4,5.333333333
365,Across the Sea of Time,Thriller,1995,2.75,4,5.333333333
366,The  Forbidden Christ,Thriller,1950,2.75,4,5.333333333
367,Clean Slate,Documentary,1981,2.75,4,5.333333333
368,Feeling Minnesota,Children,1996,2.625,32,5.333333333
369,Ace Ventura: When Nature Calls,Drama,1995,2.675675676,37,5.285714286
370,Cool Runnings,Fantasy,1993,3.161764706,68,5.230769231
371,Michael,Drama,1996,3.319327731,119,5.173913043
372,The  Great Race,War,1965,3.290322581,31,5.166666667
373,Wolf,Western,1994,2.701492537,67,5.153846154
374,Fallen,Horror,1998,3.146341463,41,5.125
375,The  Associate,Comedy Horror,1996,3.243902439,41,5.125
376,Homeward Bound: The Incredible Journey,Children,1993,3.213114754,61,5.083333333
377,George of the Jungle,Thriller,1997,2.685185185,162,5.0625
378,GoldenEye,Thriller,1995,3.20610687,131,5.038461538
379,Hugo Pool,War,1997,3.4,5,5
380,Best Men,Crime,1997,3.4,5,5
381,Incognito,Action Comedy,1997,3.5,10,5
382,Faithful,Comedy Drama,1996,3.3,10,5
383,Brother Minister: The Assassination of Malcolm X,Crime,1994,3,5,5
384,Wonderland,Crime,1997,3.2,10,5
385,The  Story of Xinghua,Drama,1993,3.2,5,5
386,Children of the Revolution,Drama,1996,3.2,5,5
387,Ponette,Drama,1996,3.3,10,5
388,Fear of a Black Hat,Action Comedy,1993,3.2,10,5
389,The  War,Comedy,1994,3.266666667,15,5
390,Prisoner of the Mountains,Romance,1996,3,5,5
391,Cronos,Comedy,1992,3.2,10,5
392,A  Simple Twist of Fate,Horror,1994,3.2,10,5
393,Naked,Drama,1993,3.24,25,5
394,Underground,Drama,1995,2.8,5,5
395,Panther,Crime,1995,2.4,5,5
396,Late Bloomers,Action,1996,3.4,5,5
397,The  Secret Adventures of Tom Thumb,Thriller,1993,2.6,5,5
398,The  Old Lady Who Walked in the Sea,Horror,1991,2.6,5,5
399,The  Amazing Panda Adventure,Drama,1995,2.8,10,5
400,I'll Do Anything,Comedy Drama,1994,2.6,10,5
401,Dingo,Drama,1992,2.4,5,5
402,The  Scarlet Letter,Drama,1995,2.4,5,5
403,Feast of July,Thriller,1995,2.4,5,5
404,April Fool's Day,Thriller,1986,2.666666667,15,5
405,Shooting Fish,Comedy,1997,2.5,10,5
406,Unhook the Stars,Thriller,1996,2.5,10,5
407,Hard Target,War,1993,2.7,40,5
408,Candyman,Thriller,1992,2.723076923,65,5
409,Tales from the Crypt Presents: Bordello of Blood,Comedy,1996,2.636363636,55,5
410,Kull the Conqueror,Unknown,1997,2.714285714,35,5
411,Outbreak,Crime,1995,3.240384615,104,4.952380952
412,Extreme Measures,Drama,1996,3.171875,64,4.923076923
413,Last Action Hero,Drama,1993,2.745762712,59,4.916666667
414,Kids,Thriller,1995,3.06122449,49,4.9
415,Basquiat,Crime,1996,3.25,44,4.888888889
416,Career Girls,Romance,1997,3.256410256,39,4.875
417,French Twist,Crime,1995,3.205128205,39,4.875
418,One Fine Day,Horror,1996,3.232142857,112,4.869565217
419,Strange Days,Comedy,1995,3.264367816,87,4.833333333
420,The  Postman,Drama,1997,3.224137931,58,4.833333333
421,Days of Thunder,Documentary,1990,2.716981132,53,4.818181818
422,The  Crucible,Documentary,1996,3.337662338,77,4.8125
423,Houseguest,Children,1994,2.833333333,24,4.8
424,Escape from New York,Comedy Horror,1981,3.241758242,91,4.789473684
425,Gridlock'd,Comedy,1997,3.210526316,19,4.75
426,Matilda,Romance,1996,3.210526316,95,4.75
427,Out to Sea,Drama Mystery,1997,2.684210526,19,4.75
428,D3: The Mighty Ducks,Children,1996,2.578947368,19,4.75
429,Up in Smoke,Romance,1978,3.255319149,47,4.7
430,Palmetto,Action Adventure,1998,3.142857143,14,4.666666667
431,Everyone Says I Love You,Documentary,1996,3.273809524,168,4.666666667
432,The  Big Green,Comedy,1995,2.5,14,4.666666667
433,Barbarella,Children,1968,2.571428571,28,4.666666667
434,The  Frighteners,Drama Mystery,1996,3.234782609,115,4.6
435,Inventing the Abbotts,Drama,1997,3.130434783,23,4.6
436,Ruby in Paradise,Thriller,1993,3.130434783,23,4.6
437,The  Fog,Action Adventure,1980,2.739130435,23,4.6
438,Screamers,Thriller,1995,2.652173913,46,4.6
439,Jumanji,Comedy,1995,3.3125,96,4.571428571
440,The  Peacemaker,Drama,1997,3.272058824,136,4.533333333
441,True Crime,War,1995,3.333333333,9,4.5
442,The  Winter Guest,Drama,1997,3.444444444,9,4.5
443,Last Dance,Crime,1996,3.111111111,9,4.5
444,The  Sixth Man,Thriller,1997,3.222222222,9,4.5
445,Three Wishes,Horror,1995,3.222222222,9,4.5
446,The  War Room,Documentary,1993,3.333333333,9,4.5
447,M. Butterfly,Drama,1993,3.222222222,18,4.5
448,Geronimo: An American Legend,Drama,1993,3.111111111,9,4.5
449,Great Expectations,Romance,1998,3.222222222,27,4.5
450,Man of the Year,Horror,1995,3.111111111,9,4.5
451,Touch,Comedy,1997,2.777777778,9,4.5
452,Bulletproof,Thriller,1996,3.204081633,49,4.454545455
453,The  Paper,Drama,1994,3.225,40,4.444444444
454,Die Hard: With a Vengeance,Horror,1995,3.284768212,151,4.441176471
455,The  Firm,Children,1993,3.278145695,151,4.441176471
456,Guido  Kiss Me,Children,1997,3.161290323,31,4.428571429
457,The  Mirror Has Two Faces,Drama,1996,3.363636364,66,4.4
458,Kama Sutra: A Tale of Love,Mystery,1996,3.318181818,22,4.4
459,Basic Instinct,Drama,1992,3.227722772,101,4.391304348
460,Event Horizon,Children,1997,2.57480315,127,4.379310345
461,To Die For,Romance,1995,3.275862069,87,4.35
462,Green Firecracker  Red Firecracker,Comedy Drama,1994,3.461538462,13,4.333333333
463,Switchblade Sisters,Western,1975,3.230769231,13,4.333333333
464,Traveller,Romance,1997,3.307692308,13,4.333333333
465,Pretty Woman,Romance,1990,3.323170732,164,4.315789474
466,Dangerous Minds,Comedy,1995,3.340425532,47,4.272727273
467,Unforgettable,Comedy,1996,3.323529412,34,4.25
468,Terminal Velocity,Drama Mystery,1994,2.676470588,34,4.25
469,Kull the Conqueror,Horror,1997,2.558823529,34,4.25
470,Get on the Bus,Drama Musical,1996,3.315789474,38,4.222222222
471,Things to Do in Denver when You're Dead,Romance,1995,3.154929577,71,4.176470588
472,Batman Returns,Western,1992,2.683098592,142,4.176470588
473,Judgment Night,Drama,1993,2.68,25,4.166666667
474,The  Portrait of a Lady,Children,1996,2.68,25,4.166666667
475,Grease,Action Horror,1978,3.347058824,170,4.146341463
476,Jackie Chan's First Strike,Action Comedy,1996,3.255172414,145,4.142857143
477,Blown Away,Thriller,1994,2.75862069,29,4.142857143
478,Crash,War,1996,2.546875,128,4.129032258
479,Jaws 2,Action Horror,1978,2.666666667,66,4.125
480,The  Omen,Action Adventure,1976,3.388235294,85,4.047619048
481,Mission: Impossible,Thriller,1996,3.313953488,344,4.047058824
482,The  Three Musketeers,Children,1993,3.303370787,89,4.045454545
483,2 Days in the Valley,Comedy Drama,1996,3.225806452,93,4.043478261
484,Walking and Talking,Drama,1996,3.625,8,4
485,Rendezvous in Paris,Crime,1995,3.333333333,3,4
486,Angel Baby,Comedy,1995,3.75,4,4
487,Savage Nights,Comedy Drama,1992,3,3,4
488,Mondo,Crime,1996,3,3,4
489,Ma vie en rose,Romance,1997,3.45,20,4
490,Ed's Next Move,War,1996,2.666666667,3,4
491,The  Jerky Boys,War,1994,2.666666667,3,4
492,Grateful Dead,Thriller,1995,3.5,4,4
493,Lamerica,Documentary,1994,3.75,4,4
494,Love Serenade,Crime,1996,3,4,4
495,So Dear to My Heart,Drama,1949,3.25,4,4
496,Hurricane Streets,Children,1998,3.333333333,3,4
497,Grosse Fatigue,Comedy,1994,3.25,4,4
498,"But Came Down a Mountain, The  Englishman Who Went Up a Hill",Thriller,1995,3.375,32,4
499,Radioland Murders,Comedy,1994,3.333333333,12,4
500,All Over Me,Drama,1997,3,3,4
501,The  Star Maker,Crime,1995,3.166666667,12,4
502,"His Life and Music, The  Last Klezmer: Leopold Kozlowski",Drama,1995,3,4,4
503,L'  Enfer,Drama,1994,3,4,4
504,The  Substance of Fire,Comedy,1996,3,3,4
505,French Kiss,Drama,1995,3.333333333,84,4
506,Fausto,Thriller,1993,3,3,4
507,Once Upon a Time... When We Were Colored,Romance,1995,3.285714286,28,4
508,Rudy,Drama,1993,3.3125,64,4
509,Germinal,Comedy,1993,3,4,4
510,Hotel de Love,Documentary,1996,3.25,4,4
511,The  Shooter,Romance,1995,2.666666667,3,4
512,It Takes Two,Romance,1995,2.666666667,3,4
513,Love and a .45,Children,1994,3.125,8,4
514,Total Eclipse,Drama,1995,2.75,4,4
515,The  Ballad of Narayama,Drama,1958,2.75,4,4
516,Tom and Huck,Children,1995,3.166666667,12,4
517,Frisk,Comedy,1995,2.666666667,3,4
518,Two Deaths,Comedy Drama,1995,2.25,4,4
519,The  Wooden Man's Bride,Thriller,1994,2.666666667,3,4
520,In the Line of Duty 2,Thriller,1987,2.75,4,4
521,The Innocent,Documentary,1994,3,4,4
522,Killer,Drama,1994,2.5,4,4
523,Underworld,Romance,1997,2.5,4,4
524,Reckless,Children,1995,2.75,8,4
525,Sunset Park,Crime,1996,2.5,8,4
526,What Happened Was...,Drama Mystery,1994,2.625,8,4
527,An Unforgettable Summer,Documentary,1994,2.5,4,4
528,Chairman of the Board,Crime,1998,2.375,8,4
529,The  Scout,Comedy,1994,2.666666667,12,4
530,Drop Dead Fred,Romance,1991,2.75,24,4
531,Striking Distance,Children,1993,2.583333333,12,4
532,The  Search for One-eye Jimmy,Action,1996,2.666666667,3,4
533,Waiting to Exhale,Comedy Drama,1995,2.5,16,4
534,I Can't Sleep,Comedy Horror,1994,2.666666667,3,4
535,Street Fighter,Action,1994,2.75,8,4
536,The  Prophecy II,Comedy Musical,1998,2.7,20,4
537,The  Lay of the Land,Action,1997,2.5,4,4
538,Harlem,Adventure Sci-Fi,1993,2.75,4,4
539,Mouse Hunt,Action,1997,2.477272727,44,4
540,Spawn,Thriller,1997,2.615384615,143,3.972222222
541,How to Make an American Quilt,Drama,1995,3.338028169,71,3.944444444
542,Pink Floyd - The Wall,Drama,1982,3.350877193,114,3.931034483
543,Batman Forever,Drama,1995,2.666666667,114,3.931034483
544,Star Trek VI: The Undiscovered Country,Action Adventure,1991,3.279503106,161,3.926829268
545,Money Talks,Romance,1997,2.70212766,47,3.916666667
546,Air Bud,Drama,1997,2.558139535,43,3.909090909
547,Under Siege,Action Horror,1992,3.290322581,124,3.875
548,Star Trek: Generations,Romance,1994,3.336206897,116,3.866666667
549,I.Q.,War,1994,3.320987654,81,3.857142857
550,Amos & Andrew,Thriller,1993,2.684210526,19,3.8
551,Washington Square,Drama,1997,3.294117647,34,3.777777778
552,Fled,Thriller,1996,2.647058824,34,3.777777778
553,In & Out,Crime,1997,3.304347826,230,3.770491803
554,The  Substitute,Thriller,1996,2.693877551,49,3.769230769
555,Stealing Beauty,Drama,1996,3.375,64,3.764705882
556,One Night Stand,Romance,1997,3.466666667,15,3.75
557,Desperate Measures,Drama,1998,3.333333333,45,3.75
558,Mixed Nuts,Thriller,1994,2.533333333,15,3.75
559,The  Hunchback of Notre Dame,Thriller,1996,3.377952756,127,3.735294118
560,Robin Hood: Men in Tights,Crime,1993,2.589285714,56,3.733333333
561,The  Sword in the Stone,Children,1963,3.329268293,82,3.727272727
562,Stalker,Romance,1979,3.545454545,11,3.666666667
563,Welcome To Sarajevo,Comedy,1997,3.363636364,22,3.666666667
564,Little Buddha,Drama,1993,3.318181818,22,3.666666667
565,Mrs. Parker and the Vicious Circle,Comedy,1994,3.272727273,22,3.666666667
566,Wild Things,Drama,1998,2.727272727,11,3.666666667
567,Hackers,Comedy,1995,2.606060606,33,3.666666667
568,Bogus,Action,1996,2.545454545,22,3.666666667
569,Cop Land,Thriller,1997,3.377142857,175,3.645833333
570,G.I. Jane,Crime,1997,3.36,175,3.645833333
571,The  Assignment,Documentary,1997,3.5,18,3.6
572,Pump Up the Volume,Thriller,1990,3.417721519,79,3.590909091
573,My Best Friend's Wedding,Romance,1997,3.360465116,172,3.583333333
574,Copycat,Drama,1995,3.302325581,86,3.583333333
575,Playing God,Comedy Drama,1997,2.627906977,43,3.583333333
576,Two if by Sea,Romance,1996,2.6,25,3.571428571
577,House Arrest,Romance,1996,2.52,25,3.571428571
578,Cheap & Out of Control  Fast,Comedy,1997,3.4375,32,3.555555556
579,The  Old Man and the Sea,Drama,1958,3.34375,32,3.555555556
580,U Turn,Comedy,1997,3.359375,64,3.555555556
581,Happy Gilmore,Romance,1996,3.389261745,149,3.547619048
582,The  Replacement Killers,Drama,1998,3.307692308,39,3.545454545
583,White Squall,Thriller,1996,3.4,85,3.541666667
584,Die Hard 2,Action Adventure,1990,3.355421687,166,3.531914894
585,Aparajito,Thriller,1956,3.571428571,7,3.5
586,The  Ice Storm,Romance,1997,3.476190476,21,3.5
587,Ayn Rand: A Sense of Life,Comedy Drama,1997,3.142857143,7,3.5
588,A  Man of No Importance,Children,1994,3.428571429,7,3.5
589,Nothing to Lose,Drama,1994,3.285714286,7,3.5
590,Victor/Victoria,Comedy Musical,1982,3.337662338,77,3.5
591,Denise Calls Up,Romance,1995,3,7,3.5
592,North,Comedy Drama,1994,2.714285714,7,3.5
593,Kicked in the Head,Comedy Drama,1997,2.571428571,7,3.5
594,The  Doom Generation,Children,1995,2.714285714,7,3.5
595,Moonlight and Valentino,Drama,1995,2.571428571,7,3.5
596,Steal Little  Steal Big,Romance,1995,2.571428571,7,3.5
597,Bliss,Thriller,1997,2.571428571,7,3.5
598,Senseless,Drama,1998,2.428571429,7,3.5
599,National Lampoon's Senior Trip,Drama,1995,2.428571429,7,3.5
600,Angus,Crime,1995,2.642857143,14,3.5
601,The  Tie That Binds,Comedy,1995,2.428571429,7,3.5
602,A  Pyromaniac's Love Story,Thriller,1995,2.428571429,7,3.5
603,Deep Rising,Romance,1998,2.428571429,14,3.5
604,The  Funeral,Drama,1996,2.428571429,21,3.5
605,Chain Reaction,Thriller,1996,2.7,80,3.47826087
606,Fathers' Day,Romance,1997,2.580645161,31,3.444444444
607,Drop Zone,Comedy,1994,2.548387097,31,3.444444444
608,Operation Dumbo Drop,Romance,1995,2.516129032,31,3.444444444
609,Under Siege 2: Dark Territory,Thriller,1995,2.458333333,48,3.428571429
610,The  Age of Innocence,Action Comedy,1993,3.384615385,65,3.421052632
611,The  Young Poisoner's Handbook,Children,1995,3.341463415,41,3.416666667
612,Johnny Mnemonic,Drama,1995,2.634146341,41,3.416666667
613,Executive Decision,Action Drama,1996,3.356687898,157,3.413043478
614,Beautiful Girls,Comedy,1996,3.391304348,115,3.382352941
615,Black Beauty,Comedy,1994,3.444444444,27,3.375
616,Mallrats,Comedy,1995,3.444444444,54,3.375
617,Wishmaster,Thriller,1997,2.444444444,27,3.375
618,Sgt. Bilko,Thriller,1996,2.567567568,74,3.363636364
619,Crooklyn,Romance,1994,3.5,10,3.333333333
620,The  Endless Summer 2,War,1994,2.5,10,3.333333333
621,Little Odessa,Romance,1994,2.6,10,3.333333333
622,A  Low Down Dirty Shame,Comedy,1994,2.5,10,3.333333333
623,Flipper,Drama,1996,2.45,20,3.333333333
624,The  Phantom,Action Adventure,1996,2.575,80,3.333333333
625,The  Amityville Horror,Horror,1979,2.566037736,53,3.3125
626,That Darn Cat!,War,1997,2.515151515,33,3.3
627,Turbulence,Thriller,1997,2.565217391,23,3.285714286
628,Trial and Error,Romance,1997,2.52173913,23,3.285714286
629,Somewhere in Time,Comedy,1980,3.426829268,82,3.28
630,The  Seventh Seal,War,1957,3.541666667,72,3.272727273
631,The  Boys of St. Vincent,Drama,1993,3.384615385,13,3.25
632,Carrington,Comedy Drama,1995,3.230769231,13,3.25
633,When a Man Loves a Woman,Action,1994,3.487179487,39,3.25
634,Son in Law,Action,1993,2.487179487,39,3.25
635,The  Lawnmower Man,Drama,1992,2.446153846,65,3.25
636,Freeway,Comedy,1996,3.357142857,42,3.230769231
637,Congo,Crime,1995,2.452380952,42,3.230769231
638,Canadian Bacon,Action Adventure,1994,2.413793103,29,3.222222222
639,Breakdown,Drama,1997,3.402597403,77,3.208333333
640,Independence Day,Comedy,1996,3.438228438,429,3.201492537
641,Cabin Boy,Comedy,1994,2.5625,16,3.2
642,Pocahontas,Drama Musical,1995,2.529411765,51,3.1875
643,Absolute Power,Drama,1997,3.37007874,127,3.175
644,The  Brothers McMullen,Action,1995,3.452054795,73,3.173913043
645,Backbeat,Sci-Fi,1993,3.473684211,19,3.166666667
646,Red Corner,Children,1997,3.385964912,57,3.166666667
647,Set It Off,Drama Musical,1996,3.421052632,19,3.166666667
648,That Darn Cat!,Drama,1965,2.473684211,19,3.166666667
649,Major Payne,Comedy,1994,2.473684211,19,3.166666667
650,Immortal Beloved,Comedy Sci-Fi,1994,3.46031746,63,3.15
651,City Slickers II: The Legend of Curly's Gold,Crime,1994,2.545454545,44,3.142857143
652,Angels and Insects,Action Adventure,1995,3.416666667,72,3.130434783
653,Akira,Romance,1988,3.38,50,3.125
654,In Love and War,Drama Musical,1996,3.428571429,28,3.111111111
655,Star Trek IV: The Voyage Home,Crime,1986,3.447236181,199,3.109375
656,Mrs. Doubtfire,Romance,1993,3.411458333,192,3.096774194
657,The  Basketball Diaries,Drama,1995,3.425,40,3.076923077
658,Money Train,Action Adventure,1995,2.511627907,43,3.071428571
659,Jungle2Jungle,Thriller,1997,2.439393939,132,3.069767442
660,Evil Dead II,Romance,1987,3.516853933,89,3.068965517
661,Rocket Man,Thriller,1997,2.408163265,49,3.0625
662,Dazed and Confused,Drama,1993,3.46875,64,3.047619048
663,Night of the Living Dead,Drama,1968,3.421875,64,3.047619048
664,The  Crow,War,1994,3.417910448,134,3.045454545
665,Conspiracy Theory,Crime,1997,3.423728814,295,3.041237113
666,Dolores Claiborne,Comedy Drama,1994,3.341772152,79,3.038461538
667,Desperado,Comedy Drama,1995,3.453608247,97,3.03125
668,Scream,Drama Musical,1996,3.441422594,478,3.025316456
669,Mystery Science Theater 3000: The Movie,War,1996,3.430769231,130,3.023255814
670,The  Birdcage,Comedy,1996,3.443686007,293,3.020618557
671,The  Band Wagon,Romance,1953,3.666666667,9,3
672,Mina Tannenbaum,Drama,1994,3.666666667,6,3
673,The  Inkwell,Crime,1994,3.333333333,3,3
674,The  Quiet Room,Drama,1996,3.666666667,3,3
675,My Favorite Season,Drama,1993,3.666666667,3,3
676,Mrs. Dalloway,Thriller,1997,3.6,15,3
677,Twisted,Drama,1996,3.5,6,3
678,Nénette et Boni,Comedy,1996,3.5,6,3
679,Les  Boys,Drama,1997,3.333333333,3,3
680,A  Price Above Rubies,Drama,1998,3.333333333,3,3
681,Now and Then,Comedy,1995,3.458333333,24,3
682,Blue Sky,Romance,1994,3.416666667,12,3
683,La  Promesse,Drama,1996,3.333333333,6,3
684,Gabbeh,Drama,1996,3.333333333,6,3
685,Tom & Viv,Drama,1994,3.333333333,9,3
686,The  Cure,Children,1995,3.333333333,6,3
687,Of Love and Shadows,Drama,1994,3.166666667,6,3
688,Swiss Family Robinson,Children,1960,3.358974359,39,3
689,The  Flower of My Secret,Drama Horror,1995,3.166666667,6,3
690,The  Stars Fell on Henrietta,Comedy Drama,1995,2.333333333,3,3
691,I Like It Like That,Comedy Drama,1994,2.333333333,3,3
692,Desperate Measures,Thriller,1998,3.296296296,27,3
693,A  Month by the Lake,Comedy Musical,1995,3.333333333,9,3
694,Commandments,Drama,1997,2.666666667,3,3
695,Captives,Drama,1994,2.333333333,3,3
696,France  Paris,Drama,1993,2.333333333,3,3
697,It's My Party,Action,1995,3.285714286,21,3
698,The  Babysitter,Comedy,1995,2.333333333,3,3
699,Ill Gotten Gains,Thriller,1997,2.333333333,3,3
700,Nosferatu a Venezia,Children,1986,2.333333333,3,3
701,For Ever Mozart,Drama,1996,2,3,3
702,Bent,Children,1997,2.666666667,6,3
703,City of Industry,Drama,1997,2.5,6,3
704,Blue Chips,Drama,1994,2.666666667,9,3
705,Hideaway,Comedy Sci-Fi,1995,2.444444444,9,3
706,Albino Alligator,Documentary,1996,2.5,6,3
707,Color of Night,Thriller,1994,2.733333333,15,3
708,Twin Town,Drama,1997,2.166666667,6,3
709,Burnt Offerings,Horror,1976,2.444444444,9,3
710,For the Moment,Action,1994,2.666666667,3,3
711,Blood Beach,Horror,1981,2.166666667,6,3
712,Larger Than Life,Drama,1996,2.333333333,9,3
713,Dear God,Comedy,1996,2.5,12,3
714,Cutthroat Island,Animation,1995,2.444444444,18,3
715,Miami Rhapsody,Documentary,1995,2.6,15,3
716,A  Thin Line Between Love and Hate,Comedy,1996,2.416666667,12,3
717,Wild Bill,Drama Musical,1995,2.5,12,3
718,The  Stranger,Unknown,1994,3,3,3
719,Made in America,Drama,1993,2.518518519,27,3
720,Candyman: Farewell to the Flesh,Drama,1995,2.428571429,21,3
721,Heaven's Prisoners,Thriller,1996,2.518518519,27,3
722,The  Next Karate Kid,Action Sci-Fi,1994,2.444444444,9,3
723,Free Willy,Thriller,1993,2.454545455,33,3
724,The  Unbearable Lightness of Being,Romance,1988,3.456521739,92,2.967741935
725,Michael Collins,Comedy,1996,3.456521739,92,2.967741935
726,Batman & Robin,Romance,1997,2.451612903,62,2.952380952
727,Koyaanisqatsi,Children,1983,3.490566038,53,2.944444444
728,Bottle Rocket,Drama,1996,3.454545455,44,2.933333333
729,Mighty Aphrodite,Romance,1995,3.418478261,184,2.920634921
730,Old Yeller,Children,1957,3.484375,64,2.909090909
731,Ghosts of Mississippi,Romance,1996,3.482758621,29,2.9
732,The  Last Supper,Thriller,1995,3.448275862,58,2.9
733,High School High,Romance,1996,2.620689655,29,2.9
734,Top Gun,Drama,1986,3.481818182,220,2.894736842
735,Legends of the Fall,Drama,1994,3.456790123,81,2.892857143
736,Ghost in the Shell,Comedy Drama,1995,3.653846154,26,2.888888889
737,Shanghai Triad,Drama Sci-Fi,1995,3.576923077,26,2.888888889
738,Before Sunrise,Drama,1995,3.408163265,49,2.882352941
739,Thinner,Comedy,1996,2.448979592,49,2.882352941
740,Ghost,Crime,1990,3.464705882,170,2.881355932
741,Anastasia,Children,1997,3.424242424,66,2.869565217
742,Spy Hard,Thriller,1996,2.511627907,43,2.866666667
743,Jane Eyre,Thriller,1996,3.476190476,63,2.863636364
744,Tomorrow Never Dies,Thriller,1997,3.427777778,180,2.857142857
745,Weekend at Bernie's,Thriller,1989,2.616666667,60,2.857142857
746,The  Client,Drama,1994,3.381443299,97,2.852941176
747,A  Thousand Acres,Romance,1997,3.405405405,37,2.846153846
748,Escape from L.A.,Children,1996,2.461538462,91,2.84375
749,Restoration,Romance,1995,3.464788732,71,2.84
750,Madonna: Truth or Dare,Drama,1991,2.470588235,17,2.833333333
751,Army of Darkness,Thriller,1993,3.431034483,116,2.829268293
752,Seven Years in Tibet,Thriller,1997,3.458064516,155,2.818181818
753,Meet Me in St. Louis,Drama,1944,3.35483871,31,2.818181818
754,Death and the Maiden,Action Comedy,1994,3.428571429,28,2.8
755,Fluke,Romance,1995,2.428571429,14,2.8
756,For Richer or Poorer,Children,1997,2.428571429,14,2.8
757,Another Stakeout,Thriller,1993,2.5,28,2.8
758,Con Air,Drama,1997,3.459854015,137,2.795918367
759,Dumbo,War,1941,3.495934959,123,2.795454545
760,On Golden Pond,Comedy,1981,3.556603774,106,2.789473684
761,Once Upon a Time in America,Drama,1984,3.4,50,2.777777778
762,Batman,Children,1989,3.427860697,201,2.753424658
763,Unzipped,Romance,1995,3.545454545,11,2.75
764,Kiss the Girls,Thriller,1997,3.461538462,143,2.75
765,Surviving the Game,Romance,1994,2.454545455,11,2.75
766,Mighty Morphin Power Rangers: The Movie,Drama,1995,2.272727273,11,2.75
767,The  Addiction,Children,1995,2.181818182,11,2.75
768,Marked for Death,Documentary,1990,2.5,22,2.75
769,Excess Baggage,Children,1997,2.538461538,52,2.736842105
770,Maverick,Comedy Drama,1994,3.46875,128,2.723404255
771,The  Long Kiss Goodnight,Action Adventure,1996,3.47027027,185,2.720588235
772,The  Man Without a Face,Comedy,1993,3.544117647,68,2.72
773,Cape Fear,Horror,1991,3.456140351,171,2.714285714
774,Devil in a Blue Dress,Thriller,1995,3.385964912,57,2.714285714
775,Supercop,Crime,1992,3.538461538,65,2.708333333
776,Deconstructing Harry,Crime,1997,3.4,65,2.708333333
777,That Thing You Do!,Romance,1996,3.465909091,176,2.707692308
778,Bride of Frankenstein,Horror,1935,3.608695652,46,2.705882353
779,The  Quest,Comedy,1996,2.518518519,27,2.7
780,Clueless,Comedy,1995,3.458823529,170,2.698412698
781,Benny & Joon,Thriller,1993,3.460784314,102,2.684210526
782,Rumble in the Bronx,Comedy,1995,3.448275862,174,2.676923077
783,Eve's Bayou,Drama,1997,3.609375,64,2.666666667
784,Daniel Defoe's Robinson Crusoe,War,1996,3,2,2.666666667
785,Queen Margot,Comedy Drama,1994,3.5,24,2.666666667
786,Selena,Children,1997,3.625,16,2.666666667
787,Hugo Pool,Crime,1997,3,2,2.666666667
788,Spirits of the Dead,War,1968,2.5,2,2.666666667
789,Rough Magic,War,1995,2.5,2,2.666666667
790,Hear My Song,War,1991,3.25,8,2.666666667
791,The  Visitors,Children,1993,3.5,2,2.666666667
792,Love and Death on Long Island,Crime,1997,2.5,2,2.666666667
793,American Dream,Crime,1990,2.5,2,2.666666667
794,The Deadly Cure,Drama,1996,3,2,2.666666667
795,A  Good Man in Africa,Drama,1994,3,2,2.666666667
796,The  Scarlet Letter,Drama,1926,3,2,2.666666667
797,Destiny Turns on the Radio,Drama,1995,3,2,2.666666667
798,Intimate Relations,Romance,1996,3,2,2.666666667
799,Night Falls on Manhattan,Drama,1997,3.375,32,2.666666667
800,Bad Taste,Thriller,1987,3.375,16,2.666666667
801,Tough and Deadly,Comedy,1995,3,2,2.666666667
802,The  Line King: Al Hirschfeld,Comedy,1996,3,2,2.666666667
803,The  Show,Thriller,1995,3,2,2.666666667
804,New Jersey Drive,Horror,1995,3,2,2.666666667
805,Safe Passage,Children,1994,3,2,2.666666667
806,The  Convent,Drama,1995,2.5,2,2.666666667
807,New York Cop,Comedy,1996,2.5,2,2.666666667
808,Open Season,Comedy,1996,2.5,2,2.666666667
809,Delta of Venus,Documentary,1994,3,2,2.666666667
810,S.F.W.,Documentary,1994,3,2,2.666666667
811,Female Perversions,Crime,1996,2.625,8,2.666666667
812,Little City,Action Drama,1998,3.5,2,2.666666667
813,Lord of Illusions,Sci-Fi,1995,2.416666667,24,2.666666667
814,An  Awfully Big Adventure,Action,1995,2.375,8,2.666666667
815,Beverly Hills Ninja,Children,1997,2.3125,48,2.666666667
816,The  Fifth Element,Comedy,1997,3.47715736,197,2.662162162
817,Glengarry Glen Ross,Romance,1992,3.463768116,69,2.653846154
818,I Shot Andy Warhol,Drama,1996,3.378378378,37,2.642857143
819,Twelfth Night,Adventure,1996,3.413793103,29,2.636363636
820,Les  Misérables,Crime,1995,3.619047619,21,2.625
821,Star Trek V: The Final Frontier,Romance,1989,2.396825397,63,2.625
822,The  Beautician and the Beast,Children,1997,2.313953488,86,2.606060606
823,The  Pillow Book,Crime,1995,3.692307692,26,2.6
824,Love! Valour! Compassion!,Action Drama,1997,3.615384615,26,2.6
825,Friday,Children,1995,3.461538462,26,2.6
826,Highlander,Children,1986,3.535947712,153,2.593220339
827,"Lies, and Videotape  Sex",Romance,1989,3.475247525,101,2.58974359
828,Sneakers,Animation,1992,3.513333333,150,2.586206897
829,Nosferatu,Drama,1922,3.555555556,54,2.571428571
830,Hate,Comedy,1995,3.5,18,2.571428571
831,The  Wedding Singer,Thriller,1998,3.486111111,72,2.571428571
832,Carlito's Way,Thriller,1993,3.407407407,54,2.571428571
833,In the Army Now,Comedy Drama,1994,2.277777778,18,2.571428571
834,Texas  Paris,Thriller,1984,3.543478261,46,2.555555556
835,Mr. Wrong,Drama,1996,2.304347826,23,2.555555556
836,Kansas City,Romance,1996,2.260869565,23,2.555555556
837,The  Grifters,Romance,1990,3.483146067,89,2.542857143
838,Phenomenon,Drama,1996,3.557377049,244,2.541666667
839,Hercules,Drama,1997,3.515151515,66,2.538461538
840,Circle of Friends,Comedy,1995,3.486842105,76,2.533333333
841,The  Nightmare Before Christmas,Crime,1993,3.587412587,143,2.50877193
842,Heat,Romance,1995,3.569506726,223,2.505617978
843,Flirt,Crime,1995,3.6,5,2.5
844,The  Hudsucker Proxy,Action Adventure,1994,3.554545455,110,2.5
845,The  Cement Garden,Comedy,1993,3.6,10,2.5
846,Killing Zoe,War,1994,3.475,40,2.5
847,The  Magic Hour,Comedy,1998,3.6,5,2.5
848,Sabrina,Romance,1995,3.5,190,2.5
849,Legal Deceit,Drama,1997,3.4,5,2.5
850,Of Human Bondage,Drama,1934,3.2,5,2.5
851,Boys Life,Thriller,1995,3.2,5,2.5
852,Drunks,Comedy,1995,2.8,5,2.5
853,When Night Is Falling,Action,1995,3.4,5,2.5
854,Gumby: The Movie,Thriller,1995,2.6,5,2.5
855,Loaded,Drama,1994,2.4,5,2.5
856,Heavy,Thriller,1995,2.4,5,2.5
857,Blood For Dracula,Horror,1974,2.4,5,2.5
858,Two Bits,Romance,1995,2.2,5,2.5
859,I Love Trouble,Action Comedy,1994,2.5,10,2.5
860,The  Baby-Sitters Club,Comedy,1995,2.5,10,2.5
861,The  Locusts,Thriller,1997,2,5,2.5
862,Halloween: The Curse of Michael Myers,Romance,1995,2.2,25,2.5
863,Moll Flanders,Comedy,1996,3.5,42,2.470588235
864,Carrie,Horror,1976,3.504132231,121,2.469387755
865,Nell,Romance,1994,3.481481481,81,2.454545455
866,A  Very Brady Sequel,Horror,1996,2.397849462,93,2.447368421
867,The  Body Snatcher,Horror,1945,3.5,22,2.444444444
868,Muriel's Wedding,Comedy Drama,1994,3.55,100,2.43902439
869,Shall We Dance?,Comedy,1937,3.705882353,17,2.428571429
870,The  Jungle Book,Thriller,1994,3.564705882,85,2.428571429
871,Stephen King's The Langoliers,Comedy Horror,1995,2.413793103,29,2.416666667
872,The  Last of the Mohicans,Comedy,1992,3.546875,128,2.41509434
873,An  American Werewolf in London,Horror,1981,3.535353535,99,2.414634146
874,A  Little Princess,Crime,1995,3.658536585,41,2.411764706
875,The  Edge,Crime,1997,3.539823009,113,2.404255319
876,Wag the Dog,Crime,1997,3.510948905,137,2.403508772
877,Fly Away Home,Drama,1996,3.536912752,149,2.403225806
878,The  Man in the Iron Mask,Action Comedy,1998,3.416666667,12,2.4
879,While You Were Sleeping,Comedy,1995,3.549382716,162,2.382352941
880,Sleepers,Comedy Musical,1996,3.514792899,169,2.38028169
881,Willy Wonka and the Chocolate Factory,Comedy Sci-Fi,1971,3.63190184,326,2.379562044
882,Don Juan DeMarco,Action,1995,3.552631579,76,2.375
883,Anaconda,Comedy,1997,2.289473684,38,2.375
884,What's Love Got to Do with It,Thriller,1993,3.488888889,45,2.368421053
885,Sleepless in Seattle,Noir Sci-Fi,1993,3.539906103,213,2.366666667
886,The  Piano,Crime,1993,3.601190476,168,2.366197183
887,Spice World,Action Horror Sci-Fi,1997,2.115384615,26,2.363636364
888,Boogie Nights,Comedy,1997,3.587301587,189,2.3625
889,The  Devil's Advocate,Children,1997,3.515957447,188,2.35
890,The  Truth About Cats & Dogs,Children,1996,3.485294118,272,2.344827586
891,True Lies,Comedy,1994,3.5625,208,2.337078652
892,Down by Law,Comedy Drama,1986,3.771428571,35,2.333333333
893,Madame Butterfly,Comedy Drama,1995,3.571428571,7,2.333333333
894,Ed Wood,Documentary,1994,3.601503759,133,2.333333333
895,Thieves,Comedy,1996,3.714285714,7,2.333333333
896,Chungking Express,Documentary,1994,3.571428571,28,2.333333333
897,Double Happiness,Drama,1994,3.428571429,7,2.333333333
898,Mercury Rising,Romance,1998,3.428571429,7,2.333333333
899,Far From Home: The Adventures of Yellow Dog,Drama,1995,3.285714286,7,2.333333333
900,Kim,Documentary,1950,3.285714286,7,2.333333333
901,Trial by Jury,Action Adventure,1994,2.428571429,7,2.333333333
902,Stranger in the House,Romance,1997,2.428571429,7,2.333333333
903,The  Last Time I Committed Suicide,Comedy,1997,2.285714286,7,2.333333333
904,Life with Mikey,Comedy,1993,2.285714286,7,2.333333333
905,Richie Rich,Romance,1994,2.428571429,21,2.333333333
906,Cape Fear,Horror,1962,3.523255814,86,2.324324324
907,Othello,Romance,1995,3.611111111,72,2.322580645
908,"Queen of the Desert, The  Adventures of Priscilla",Children,1994,3.594594595,111,2.3125
909,Sliver,Children,1993,2.405405405,37,2.3125
910,William Shakespeare's Romeo and Juliet,Children,1996,3.594339623,106,2.304347826
911,The  Cable Guy,Comedy Horror,1996,2.339622642,106,2.304347826
912,The  Return of the Pink Panther,Action Adventure,1974,3.554347826,92,2.3
913,When the Cats Away,Action Adventure,1996,3.5625,16,2.285714286
914,Dark City,Comedy Drama,1998,3.5,16,2.285714286
915,Stuart Saves His Family,Comedy,1995,2.125,16,2.285714286
916,The  Game,Crime,1997,3.593625498,251,2.281818182
917,Menace II Society,Drama,1993,3.46,50,2.272727273
918,Vegas Vacation,Romance,1997,2.4,75,2.272727273
919,Get Shorty,Crime,1995,3.550239234,209,2.27173913
920,Orlando,Drama,1993,3.617647059,34,2.266666667
921,What's Eating Gilbert Grape,Romance,1993,3.539130435,115,2.254901961
922,To Be or Not to Be,Drama,1942,3.611111111,18,2.25
923,Vanya on 42nd Street,Children,1994,3.592592593,27,2.25
924,My Sweet  Murder,Romance,1944,3.555555556,9,2.25
925,The  Little Princess,Romance,1939,3.555555556,9,2.25
926,00 Leagues Under the Sea  20,Children,1954,3.5,72,2.25
927,,Romance,,3.444444444,9,2.25
928,Heaven & Earth,Comedy,1993,2.555555556,9,2.25
929,'Til There Was You,Comedy,1997,2.333333333,9,2.25
930,Jingle All the Way,Drama,1996,2.111111111,18,2.25
931,The  Crying Game,Drama,1992,3.62184874,119,2.245283019
932,The  English Patient,Drama,1996,3.656964657,481,2.237209302
933,Gattaca,War,1997,3.595588235,136,2.229508197
934,Cinderella,Children,1950,3.581395349,129,2.224137931
935,The  Abyss,Drama,1989,3.589403974,151,2.220588235
936,My Favorite Year,Western,1982,3.532258065,62,2.214285714
937,La  Double vie de Véronique,Drama Sci-Fi,1991,3.681818182,22,2.2
938,The  Sum of Us,Drama,1994,3.545454545,11,2.2
939,Herbie Rides Again,Drama,1974,2.272727273,11,2.2
940,Better Off Dead...,Drama,1985,3.569620253,79,2.194444444
941,The  Secret Garden,Comedy,1993,3.544303797,79,2.194444444
942,Rob Roy,Thriller,1995,3.565217391,92,2.19047619
943,Clear and Present Danger,Horror,1994,3.569832402,179,2.182926829
944,Burnt By the Sun,Crime,1994,3.708333333,24,2.181818182
945,Booty Call,Romance,1997,2.166666667,48,2.181818182
946,A  Perfect World,War,1993,3.68,50,2.173913043
947,Dangerous Beauty,Drama,1998,3.769230769,13,2.166666667
948,Casino,Romance,1995,3.648351648,91,2.166666667
949,Heavyweights,Drama,1994,2.153846154,13,2.166666667
950,Tombstone,War,1993,3.666666667,108,2.16
951,Beverly Hills Cop III,Children,1994,2.392857143,28,2.153846154
952,Air Force One,Comedy,1997,3.631090487,431,2.144278607
953,The  Haunted World of Edward D. Wood Jr.,Comedy,1995,3.733333333,15,2.142857143
954,The  Women,Romance,1939,3.666666667,15,2.142857143
955,Father of the Bride,Musical,1950,3.583333333,60,2.142857143
956,A  Family Thing,Crime,1996,3.555555556,45,2.142857143
957,Boxing Helena,Western,1993,2.2,15,2.142857143
958,Celtic Pride,Children,1996,2.2,15,2.142857143
959,Field of Dreams,Romance,1989,3.698113208,212,2.141414141
960,The  City of Lost Children,Drama,1995,3.791666667,96,2.133333333
961,Jeffrey,Action Adventure,1995,3.529411765,34,2.125
962,Jade,Crime,1995,2.294117647,17,2.125
963,The  Road to Wellville,Documentary,1994,2.294117647,17,2.125
964,The  Stupids,Comedy,1996,2,17,2.125
965,Widows' Peak,Romance,1994,3.578947368,19,2.111111111
966,Steel,Thriller,1997,2.157894737,19,2.111111111
967,The  Cowboy Way,Documentary,1994,2.210526316,19,2.111111111
968,Sleeper,Comedy,1973,3.634146341,82,2.102564103
969,The  Umbrellas of Cherbourg,Crime,1964,3.761904762,21,2.1
970,Jackie Brown,Comedy Drama,1997,3.642857143,126,2.1
971,Primal Fear,Thriller,1996,3.601123596,178,2.094117647
972,Ransom,Thriller,1996,3.644194757,267,2.0859375
973,Leaving Las Vegas,Drama,1995,3.697986577,298,2.083916084
974,Private Parts,Action Adventure,1997,3.53,100,2.083333333
975,Dracula: Dead and Loving It,Drama,1995,2.28,25,2.083333333
976,Red Rock West,Drama,1992,3.596153846,52,2.08
977,Exotica,Comedy Drama,1994,3.555555556,27,2.076923077
978,The  Ice Storm,Romance,1997,3.643678161,87,2.071428571
979,The  People vs. Larry Flynt,Drama,1996,3.595348837,215,2.067307692
980,Heathers,Sci-Fi,1989,3.69005848,171,2.060240964
981,The  Sound of Music,Thriller,1965,3.765765766,222,2.055555556
982,Smoke,Romance,1995,3.621621622,74,2.055555556
983,Marvin's Room,Thriller,1996,3.58974359,78,2.052631579
984,Real Genius,Romance,1985,3.663865546,119,2.051724138
985,Coneheads,Action Sci-Fi,1993,2.219512195,41,2.05
986,Full Metal Jacket,Animation,1987,3.682352941,170,2.048192771
987,The  Ghost and Mrs. Muir,Comedy,1947,3.651162791,43,2.047619048
988,Citizen Ruth,Romance,1996,3.622222222,45,2.045454545
989,Joe's Apartment,Comedy,1996,2.244444444,45,2.045454545
990,Swimming with Sharks,Comedy,1995,3.574468085,47,2.043478261
991,Striptease,War,1996,2.23880597,67,2.03030303
992,Courage Under Fire,Fantasy,1996,3.610859729,221,2.027522936
993,Monty Python's Life of Brian,Romance,1979,3.747126437,174,2.023255814
994,Speed,Drama Horror,1994,3.647826087,230,2.01754386
995,The  Sweet Hereafter,Action Adventure,1997,3.772727273,44,2
996,8 1/2,Documentary,1963,3.815789474,38,2
997,Mary Poppins,Children,1964,3.724719101,178,2
998,Ninotchka,Drama,1939,3.769230769,26,2
999,Love in the Afternoon,Comedy,1957,3.9,10,2
1000,A  Time to Kill,Romance,1996,3.685344828,232,2
1001,The  Slingshot,War,1993,3.5,2,2
1002,The  World of Apu,Comedy,1959,4,6,2
1003,Microcosmos: Le peuple de l'herbe,Horror,1996,3.75,24,2
1004,To Live,Comedy,1994,3.785714286,14,2
1005,A  Perfect Candidate,Drama,1996,4,4,2
1006,The  American President,Drama,1995,3.62804878,164,2
1007,Four Days in September,Children,1997,3.75,12,2
1008,Men With Guns,Crime,1997,3.5,2,2
1009,SubUrbia,Romance,1997,3.666666667,12,2
1010,Nico Icon,Drama,1995,4,2,2
1011,Picnic,Thriller,1955,3.611111111,18,2
1012,Golden Earrings,Thriller,1947,4,2,2
1013,Guantanamera,Thriller,1994,3.75,4,2
1014,Two or Three Things I Know About Her,Thriller,1966,3.75,4,2
1015,8 Seconds,Children,1994,3.75,4,2
1016,"Maine, The  Beans of Egypt",Drama,1994,3.5,2,2
1017,King of the Hill,Drama,1993,3.5,4,2
1018,Le  Colonel Chabert,Drama,1994,3.5,4,2
1019,Maybe Not  Maybe,Romance,1994,3.5,8,2
1020,The  Outlaw,Comedy Drama,1943,2.5,2,2
1021,Boys,Drama,1996,3.333333333,6,2
1022,8 Heads in a Duffel Bag,Drama,1997,3.25,4,2
1023,The  Run of the Country,Romance,1995,3.25,4,2
1024,Nightwatch,Crime,1997,2.5,2,2
1025,My Life and Times With Antonin Artaud,Comedy Drama,1993,2,2,2
1026,Condition Red,Comedy Drama,1995,2,2,2
1027,The  Turning,Drama,1992,2.5,2,2
1028,Mr. Jones,Comedy,1993,2.5,2,2
1029,Suture,War,1993,2.25,4,2
1030,The  Walking Dead,Comedy Drama,1995,2.25,4,2
1031,Pushing Hands,Drama,1992,2,2,2
1032,The  Day the Sun Turned Cold,Drama,1994,2,2,2
1033,The  Innocent Sleep,Drama,1995,2,2,2
1034,or Not  To Have,Drama,1995,2,2,2
1035,Men of Means,Romance,1998,2,2,2
1036,The  Leading Man,Action Drama,1996,3.75,4,2
1037,Frankie Starlight,Drama,1995,2.5,4,2
1038,Vermin,Comedy,1998,2,2,2
1039,Salut cousin!,Comedy,1996,2,2,2
1040,La  Collectionneuse,Thriller,1967,2,2,2
1041,Twilight,Thriller,1998,2.5,4,2
1042,Zeus and Roxanne,Comedy Drama,1997,2.166666667,6,2
1043,American Strays,Documentary,1996,2,2,2
1044,That Darn Cat!,Western,1997,2.25,8,2
1045,Pie in the Sky,Drama,1995,2,4,2
1046,Hollow Reed,Drama,1996,2.333333333,6,2
1047,Metisse,Drama,1993,2.333333333,6,2
1048,Le  Bonheur,Children,1965,2,4,2
1049,The  Journey of August King,Documentary,1995,2,4,2
1050,Broken English,Drama,1996,2.25,8,2
1051,The  Second Jungle Book: Mowgli & Baloo,Drama,1997,2,6,2
1052,Nadja,Thriller,1994,2.25,8,2
1053,White Man's Burden,Western,1995,2,10,2
1054,The  Glass Shield,Action,1994,2,2,2
1055,The  Big Squeeze,Action,1996,2.25,4,2
1056,The  Getaway,Crime,1994,2.333333333,18,2
1057,The  Pallbearer,Adventure Drama,1996,2.318181818,22,2
1058,The  Pest,Children,1997,1.875,8,2
1059,The  Believers,Horror,1987,2.25,16,2
1060,Mr. Magoo,Crime,1997,1.916666667,12,2
1061,The  Beverly Hillbillies,Children,1993,2.25,20,2
1062,Star Trek: First Contact,Thriller,1996,3.660273973,365,1.994535519
1063,Pinocchio,Action Adventure,1940,3.673267327,101,1.980392157
1064,Jurassic Park,Romance,1993,3.720306513,261,1.977272727
1065,Snow White and the Seven Dwarfs,Crime,1937,3.709302326,172,1.977011494
1066,Some Kind of Wonderful,Comedy,1987,3.661016949,59,1.966666667
1067,Bananas,Drama,1971,3.701754386,57,1.965517241
1068,Rosewood,Crime,1997,3.666666667,114,1.965517241
1069,The  Apostle,Comedy Drama,1997,3.654545455,55,1.964285714
1070,Fantasia,Comedy,1940,3.770114943,174,1.95505618
1071,Platoon,Comedy,1986,3.692913386,127,1.953846154
1072,Gigi,Crime,1958,3.658536585,41,1.952380952
1073,The  Rock,Action Adventure,1996,3.693121693,378,1.948453608
1074,The  Thin Blue Line,Documentary,1988,3.771428571,35,1.944444444
1075,Diva,Comedy Drama,1981,3.727272727,66,1.941176471
1076,In the Company of Men,Action,1997,3.712121212,66,1.941176471
1077,The  Spitfire Grill,Crime,1996,3.804123711,97,1.94
1078,Breakfast at Tiffany's,Children,1961,3.726315789,95,1.93877551
1079,Fried Green Tomatoes,Western,1991,3.764705882,153,1.936708861
1080,Manhattan,Drama,1979,3.769230769,91,1.936170213
1081,Dave,Romance,1993,3.65,180,1.935483871
1082,The  Rainmaker,Thriller,1997,3.6,145,1.933333333
1083,Manhattan Murder Mystery,Crime,1993,3.62962963,27,1.928571429
1084,Tales from the Hood,Thriller,1995,2.037037037,27,1.928571429
1085,True Romance,Comedy Drama,1993,3.615384615,104,1.925925926
1086,Crimson Tide,Documentary,1995,3.62987013,154,1.925
1087,Emma,Romance,1996,3.717514124,177,1.923913043
1088,My Fair Lady,Romance,1964,3.816,125,1.923076923
1089,Keys to Tulsa,Thriller,1997,2.24,25,1.923076923
1090,It Could Happen to You,Children,1994,3.652173913,46,1.916666667
1091,McHale's Navy,Comedy,1997,2.188405797,69,1.916666667
1092,Ridicule,Children,1996,3.704545455,44,1.913043478
1093,The  Professional,Crime,1994,3.704697987,149,1.91025641
1094,Anne Frank Remembered,Romance,1995,3.857142857,21,1.909090909
1095,Funny Face,Romance,1957,3.666666667,21,1.909090909
1096,Miracle on 34th Street,Horror,1994,3.722772277,101,1.905660377
1097,The  Tin Drum,Drama,1979,3.7,40,1.904761905
1098,Quiz Show,Drama,1994,3.645714286,175,1.902173913
1099,Trust,Crime,1990,3.789473684,19,1.9
1100,Home Alone 3,Thriller,1997,1.894736842,19,1.9
1101,Clerks,Thriller,1994,3.804054054,148,1.897435897
1102,Breaking the Waves,Action Adventure,1996,3.72972973,74,1.897435897
1103,Dances with Wolves,Thriller,1990,3.79296875,256,1.896296296
1104,Heavenly Creatures,Drama Horror,1994,3.671428571,70,1.891891892
1105,Bob Roberts,War,1992,3.741176471,85,1.888888889
1106,Jerry Maguire,Comedy,1996,3.7109375,384,1.882352941
1107,Airheads,Comedy Drama,1994,2.34375,32,1.882352941
1108,The  Gay Divorcee,Romance,1934,3.866666667,15,1.875
1109,The  Daytrippers,Drama,1996,3.666666667,15,1.875
1110,My Own Private Idaho,Children,1991,3.633333333,30,1.875
1111,Murder in the First,Comedy,1995,3.6,60,1.875
1112,The  Rich Man's Wife,Thriller,1996,2.4,15,1.875
1113,Brazil,War,1985,3.817307692,208,1.873873874
1114,Men in Black,Drama Sci-Fi,1997,3.745874587,303,1.87037037
1115,The  Mark of Zorro,Drama,1940,3.615384615,13,1.857142857
1116,Cops and Robbersons,Action Comedy,1994,2.307692308,13,1.857142857
1117,Phantoms,Thriller,1998,2.230769231,13,1.857142857
1118,Double Team,Thriller,1997,2.230769231,13,1.857142857
1119,Super Mario Bros.,Action Adventure,1993,2.076923077,26,1.857142857
1120,Little Women,Comedy,1994,3.676470588,102,1.854545455
1121,Miller's Crossing,Adventure,1990,3.651685393,89,1.854166667
1122,The  Lion King,Crime,1994,3.781818182,220,1.848739496
1123,Swingers,Children,1996,3.828025478,157,1.847058824
1124,The  Deer Hunter,Comedy Drama,1978,3.833333333,120,1.846153846
1125,Four Weddings and a Funeral,Children,1994,3.661354582,251,1.845588235
1126,Around the World in 80 Days,Drama,1956,3.661016949,59,1.84375
1127,Crumb,Thriller,1994,3.790123457,81,1.840909091
1128,Alice in Wonderland,Romance,1951,3.666666667,81,1.840909091
1129,Nobody's Fool,Comedy,1994,3.608695652,46,1.84
1130,The  Shining,Action Adventure,1980,3.825242718,206,1.839285714
1131,Bringing Up Baby,War,1938,3.838235294,68,1.837837838
1132,Cyrano de Bergerac,Comedy Horror,1990,3.818181818,66,1.833333333
1133,Fair Game,Sci-Fi,1995,2.181818182,11,1.833333333
1134,Free Willy 2: The Adventure Home,Romance,1995,2.181818182,11,1.833333333
1135,E.T. the Extra-Terrestrial,Horror,1982,3.833333333,300,1.829268293
1136,The  Wings of the Dove,Crime,1997,3.68,75,1.829268293
1137,The  Big Lebowski,Romance,1998,3.833333333,42,1.826086957
1138,Kundun,Comedy,1997,3.69047619,42,1.826086957
1139,Amistad,Thriller,1997,3.85483871,124,1.823529412
1140,Giant,Thriller,1956,3.745098039,51,1.821428571
1141,Star Trek: The Wrath of Khan,Action Adventure,1982,3.81557377,244,1.820895522
1142,The  Madness of King George,Thriller,1994,3.769230769,91,1.82
1143,Mr. Holland's Opus,Romance,1995,3.778156997,293,1.819875776
1144,Groundhog Day,Western,1993,3.764285714,280,1.818181818
1145,The  Specialist,Comedy,1994,2.25,20,1.818181818
1146,Chasing Amy,Comedy,1997,3.792156863,255,1.808510638
1147,Welcome to the Dollhouse,Children,1995,3.723214286,112,1.806451613
1148,A  Fish Called Wanda,Comedy,1988,3.785425101,247,1.802919708
1149,Night on Earth,Documentary,1991,3.833333333,36,1.8
1150,Living in Oblivion,Comedy,1995,3.740740741,27,1.8
1151,The  Inspector General,Children,1949,3.722222222,18,1.8
1152,Bad Company,Drama,1995,2.222222222,9,1.8
1153,Man of the House,Action Comedy,1995,2.111111111,9,1.8
1154,Mediterraneo,Drama,1991,3.676470588,34,1.789473684
1155,An  American in Paris,Thriller,1951,3.7,50,1.785714286
1156,Shallow Grave,Comedy Drama,1994,3.818181818,66,1.783783784
1157,Jaws,War,1975,3.775,280,1.78343949
1158,Richard III,Crime,1995,3.831460674,89,1.78
1159,Face/Off,Crime,1997,3.768041237,194,1.779816514
1160,The  Ruling Class,Comedy,1972,3.875,16,1.777777778
1161,In the Bleak Midwinter,War,1995,3.6875,16,1.777777778
1162,Grosse Pointe Blank,Comedy,1997,3.675,160,1.777777778
1163,The  Candidate,Crime,1972,3.641025641,39,1.772727273
1164,Bonnie and Clyde,Thriller,1967,3.819672131,122,1.768115942
1165,Rebel Without a Cause,Drama,1955,3.855555556,90,1.764705882
1166,Contact,Children,1997,3.803536346,509,1.761245675
1167,Twelve Monkeys,Children,1995,3.798469388,392,1.757847534
1168,Philadelphia,Romance,1993,3.854014599,137,1.756410256
1169,Top Hat,War,1935,4.047619048,21,1.75
1170,Flirting With Disaster,Drama,1996,3.69047619,42,1.75
1171,The  Hour of the Pig,Children,1993,3.571428571,14,1.75
1172,Braindead,Comedy Horror,1992,3.857142857,14,1.75
1173,Night Flier,Action,1997,3.714285714,7,1.75
1174,Original Gangstas,War,1996,2.142857143,7,1.75
1175,Lassie,Children,1994,2.285714286,7,1.75
1176,Jack and Sarah,Romance,1995,2.142857143,7,1.75
1177,Meet Wally Sparks,Romance,1997,2.142857143,7,1.75
1178,Dunston Checks In,Comedy,1996,1.857142857,7,1.75
1179,Jury Duty,Comedy,1995,2,14,1.75
1180,Big Night,Children,1996,3.900584795,171,1.744897959
1181,Gone with the Wind,Drama,1939,3.871345029,171,1.744897959
1182,Winnie the Pooh and the Blustery Day,Comedy,1968,3.8,75,1.744186047
1183,Ulee's Gold,Children,1997,3.686567164,134,1.74025974
1184,Cold Comfort Farm,Action Adventure,1995,3.824,125,1.736111111
1185,Seven,Crime,1995,3.847457627,236,1.735294118
1186,The  Island of Dr. Moreau,Children,1996,2.157894737,57,1.727272727
1187,Aladdin,Thriller,1992,3.812785388,219,1.724409449
1188,Bullets Over Broadway,Comedy,1994,3.720930233,86,1.72
1189,Mortal Kombat: Annihilation,War,1997,1.953488372,43,1.72
1190,Looking for Richard,Thriller,1996,3.727272727,55,1.71875
1191,The  NeverEnding Story III,War,1994,2.166666667,12,1.714285714
1192,Beauty and the Beast,Western,1991,3.792079208,202,1.711864407
1193,Forrest Gump,Romance,1994,3.853582555,321,1.707446809
1194,Enchanted April,Drama,1991,3.928571429,70,1.707317073
1195,Sophie's Choice,Drama,1982,3.896551724,58,1.705882353
1196,Like Water For Chocolate,Adventure,1992,3.804054054,148,1.701149425
1197,A  Clockwork Orange,War,1971,3.909502262,221,1.7
1198,Bound,Crime,1996,3.821705426,129,1.697368421
1199,Paris Is Burning,Western,1990,3.814814815,27,1.6875
1200,Sabrina,Romance,1954,3.796875,64,1.684210526
1201,Six Degrees of Separation,Romance,1993,3.77027027,74,1.681818182
1202,Ben-Hur,Drama,1959,3.830645161,124,1.675675676
1203,The  Adventures of Robin Hood,Drama,1938,3.791044776,67,1.675
1204,The  Blues Brothers,Crime,1980,3.836653386,251,1.673333333
1205,Delicatessen,War,1991,3.876923077,65,1.666666667
1206,Paradise Lost: The Child Murders at Robin Hood Hills,Comedy,1996,4.05,20,1.666666667
1207,Faust,Drama,1994,4.2,5,1.666666667
1208,Hearts and Minds,Romance,1996,3.8,5,1.666666667
1209,Stripes,Comedy,1981,3.8,5,1.666666667
1210,No Escape,Drama,1994,2.4,5,1.666666667
1211,Rhyme & Reason,Romance,1997,2.2,5,1.666666667
1212,Chasers,Comedy,1994,2.2,5,1.666666667
1213,Turbo: A Power Rangers Movie,Crime,1997,1.8,5,1.666666667
1214,Even Cowgirls Get the Blues,Drama,1993,2,5,1.666666667
1215,Talking About Sex,Thriller,1994,1.8,5,1.666666667
1216,Raising Arizona,Crime,1987,3.875,256,1.662337662
1217,A  Streetcar Named Desire,Drama,1951,3.816326531,98,1.661016949
1218,The  Apartment,Crime,1960,3.936507937,63,1.657894737
1219,Being There,Drama,1979,3.905172414,116,1.657142857
1220,The  Hunt for Red October,Action Adventure,1990,3.863436123,227,1.656934307
1221,A  Bronx Tale,Drama,1993,3.791666667,48,1.655172414
1222,The  Birds,Horror Sci-Fi,1963,3.808641975,162,1.653061224
1223,Once Upon a Time in the West,War,1969,3.868421053,38,1.652173913
1224,Speed 2: Cruise Control,Thriller,1997,2.131578947,38,1.652173913
1225,Annie Hall,War,1977,3.911111111,180,1.651376147
1226,Back to the Future,War,1985,3.834285714,350,1.650943396
1227,Dead Man Walking,War,1995,3.89632107,299,1.642857143
1228,Rosencrantz and Guildenstern Are Dead,Crime,1990,3.888888889,90,1.636363636
1229,Hellraiser: Bloodline,Thriller,1996,2,18,1.636363636
1230,Short Cuts,Western,1993,3.776119403,67,1.634146341
1231,Bio-Dome,Comedy,1996,1.903225806,31,1.631578947
1232,Shadowlands,Comedy Drama,1993,3.935897436,78,1.625
1233,In the Line of Fire,Thriller,1993,3.792899408,169,1.625
1234,Mad Love,Drama,1995,2.153846154,13,1.625
1235,Poison Ivy II,Comedy,1995,2.153846154,13,1.625
1236,The  Crow: City of Angels,War,1996,1.948717949,39,1.625
1237,Trainspotting,Comedy,1996,3.884,250,1.623376623
1238,Die Hard,Thriller,1988,3.872427984,243,1.62
1239,Dead Man,Drama,1995,3.823529412,34,1.619047619
1240,"The Bad and The Ugly, The  Good",Drama,1966,3.861313869,137,1.611764706
1241,Beautiful Thing,Crime,1996,3.965517241,29,1.611111111
1242,This Is Spinal Tap,Action Adventure,1984,3.905759162,191,1.605042017
1243,Priest,Drama,1994,4,40,1.6
1244,The  Celluloid Closet,Documentary,1995,3.892857143,56,1.6
1245,The  Garden of Finzi-Contini,Comedy,1970,3.916666667,24,1.6
1246,the Beloved Country  Cry,Drama,1995,3.75,24,1.6
1247,Highlander III: The Sorcerer,Comedy,1994,2.125,16,1.6
1248,2001: A Space Odyssey,Drama,1968,3.969111969,259,1.598765432
1249,Forbidden Planet,Western,1956,3.835820896,67,1.595238095
1250,Three Colors: White,Action Adventure,1994,3.86440678,59,1.594594595
1251,The  Wild Bunch,Action Horror Sci-Fi,1969,4.023255814,43,1.592592593
1252,Harold and Maude,Drama Sci-Fi,1971,3.818181818,121,1.592105263
1253,Babe,Drama,1995,3.99543379,219,1.586956522
1254,Farewell My Concubine,Western,1993,3.97826087,46,1.586206897
1255,Wings of Desire,Thriller,1987,4,57,1.583333333
1256,Patton,Thriller,1970,3.992647059,136,1.581395349
1257,Toy Story,Action Adventure,1995,3.878318584,452,1.58041958
1258,Some Like It Hot,War,1959,3.984375,128,1.580246914
1259,Barb Wire,Romance,1996,1.933333333,30,1.578947368
1260,The  Secret of Roan Inish,Drama,1994,3.85915493,71,1.577777778
1261,Local Hero,Comedy Drama,1983,3.968253968,63,1.575
1262,Young Frankenstein,Comedy Drama,1974,3.945,200,1.57480315
1263,My Left Foot,Western,1989,3.851239669,121,1.571428571
1264,The  Return of Martin Guerre,Drama,1982,3.772727273,44,1.571428571
1265,Pulp Fiction,Drama,1994,4.060913706,394,1.569721116
1266,Antonia's Line,Romance,1995,3.956521739,69,1.568181818
1267,The  Full Monty,Thriller,1997,3.926984127,315,1.567164179
1268,Donnie Brasco,Comedy,1997,3.802721088,147,1.563829787
1269,Meet John Doe,Action,1941,3.92,25,1.5625
1270,East of Eden,Mystery,1955,3.86440678,59,1.552631579
1271,Searching for Bobby Fischer,Romance,1993,3.905797101,138,1.550561798
1272,Chasing Amy,Children,1997,3.935483871,124,1.55
1273,GoodFellas,Thriller,1990,3.951327434,226,1.547945205
1274,Stand by Me,Crime,1986,3.881057269,227,1.544217687
1275,The  Terminator,Drama,1984,3.933554817,301,1.543589744
1276,For Whom the Bell Tolls,Romance,1943,4,20,1.538461538
1277,Charade,Children,1963,3.925,40,1.538461538
1278,Shine,Romance,1996,3.92248062,129,1.535714286
1279,Showgirls,Comedy,1995,1.956521739,23,1.533333333
1280,Il  Postino,Drama,1994,3.967213115,183,1.525
1281,Three Colors: Blue,Drama,1993,4.015625,64,1.523809524
1282,A  Room with a View,War,1986,3.985074627,134,1.522727273
1283,Singin' in the Rain,Horror,1952,3.99270073,137,1.522222222
1284,Indiana Jones and the Last Crusade,War,1989,3.930513595,331,1.518348624
1285,Persuasion,Comedy Drama,1995,4.045454545,44,1.517241379
1286,Leave It to Beaver,Thriller,1997,1.840909091,44,1.517241379
1287,Unforgiven,Comedy Sci-Fi,1992,3.868131868,182,1.516666667
1288,The  Remains of the Day,Drama,1993,3.94,150,1.515151515
1289,The  Magnificent Seven,War,1954,3.94214876,121,1.5125
1290,Aliens,Western,1986,3.947183099,284,1.510638298
1291,Butch Cassidy and the Sundance Kid,Horror,1969,3.949074074,216,1.51048951
1292,When Harry Met Sally...,Romance,1989,3.910344828,290,1.510416667
1293,Reservoir Dogs,War,1992,3.986486486,148,1.510204082
1294,M*A*S*H,Drama,1970,3.912621359,206,1.503649635
1295,Duck Soup,Action Adventure,1933,4,93,1.5
1296,Rebecca,Thriller,1940,3.96969697,66,1.5
1297,Hard Eight,Drama,1996,4,15,1.5
1298,A  Letter From Death Row,Drama,1998,4.333333333,3,1.5
1299,The  Last Time I Saw Paris,War,1954,3.666666667,3,1.5
1300,The  Whole Wide World,Drama,1996,4,6,1.5
1301,Margaret's Museum,Drama,1995,4,6,1.5
1302,The  Blue Angel,Drama,1930,3.777777778,18,1.5
1303,Foreign Correspondent,Comedy Mystery,1940,3.866666667,15,1.5
1304,Der  Bewegte Mann,Crime,1994,3.666666667,3,1.5
1305,The  Wedding Gift,Drama,1994,4,3,1.5
1306,My Family,Drama,1995,3.666666667,21,1.5
1307,Nelly & Monsieur Arnaud,Comedy,1995,3.666666667,3,1.5
1308,Nowhere,War,1997,2.333333333,3,1.5
1309,Last Summer in the Hamptons,Drama,1995,2.333333333,3,1.5
1310,Relative Fear,Comedy Drama,1994,1.666666667,3,1.5
1311,B*A*P*S,Crime,1997,1.666666667,3,1.5
1312,Calendar Girl,Drama,1993,2,3,1.5
1313,The  Designated Mourner,Drama,1997,2,3,1.5
1314,Lover's Knot,Drama,1996,2,3,1.5
1315,Fall,Drama,1997,2,3,1.5
1316,The  Joy Luck Club,Action Sci-Fi,1993,3.666666667,3,1.5
1317,N.M.  Truth or Consequences,Comedy,1997,2,3,1.5
1318,The  Hunted,Thriller,1995,2,3,1.5
1319,Temptress Moon,Drama,1996,1.666666667,3,1.5
1320,Squeeze,Romance,1996,1.666666667,3,1.5
1321,A  Simple Wish,Children,1997,1.666666667,3,1.5
1322,Guilty as Sin,Drama,1993,2.166666667,6,1.5
1323,Stag,Romance,1997,2.111111111,9,1.5
1324,The  Pagemaster,Thriller,1994,2.25,12,1.5
1325,Audrey Rose,Action Horror,1977,2.166666667,12,1.5
1326,In the Realm of the Senses,Action Sci-Fi,1976,2,9,1.5
1327,All Dogs Go to Heaven 2,Comedy,1996,1.866666667,15,1.5
1328,Grease 2,Thriller,1982,2,24,1.5
1329,Free Willy 3: The Rescue,Drama,1997,1.740740741,27,1.5
1330,Dead Poets Society,Romance,1989,3.916334661,251,1.494047619
1331,The  Big Sleep,Action Adventure,1946,4.02739726,73,1.489795918
1332,The  Wizard of Oz,War,1939,4.077235772,246,1.481927711
1333,In the Name of the Father,War,1993,3.911764706,102,1.47826087
1334,Lost Horizon,Comedy,1937,3.941176471,34,1.47826087
1335,Mrs. Brown,Crime,1997,3.947916667,96,1.476923077
1336,Terminator 2: Judgment Day,Western,1991,4.006779661,295,1.475
1337,Apollo 13,Crime,1995,3.93115942,276,1.468085106
1338,Strictly Ballroom,Comedy,1992,4.028846154,104,1.464788732
1339,Kolya,Children,1996,3.991452991,117,1.4625
1340,Gaslight,Drama,1944,3.885714286,35,1.458333333
1341,Return of the Jedi,Crime,1983,4.007889546,507,1.456896552
1342,Chinatown,Comedy Drama,1974,4.136054422,147,1.455445545
1343,Brassed Off,Drama,1996,3.9375,32,1.454545455
1344,Jaws 3-D,Drama,1983,1.9375,16,1.454545455
1345,Apocalypse Now,War,1979,4.045248869,221,1.453947368
1346,Safe,Romance,1995,4,13,1.444444444
1347,Walkabout,Drama,1971,3.846153846,26,1.444444444
1348,Primary Colors,Thriller,1998,3.923076923,13,1.444444444
1349,Body Parts,Thriller,1991,1.615384615,13,1.444444444
1350,It's a Wonderful Life,Comedy,1946,4.121212121,231,1.44375
1351,The  Right Stuff,Crime,1983,3.917197452,157,1.440366972
1352,The  Great Dictator,Noir Mystery,1940,4.02173913,46,1.4375
1353,A  Christmas Carol,Documentary,1938,4.057971014,69,1.4375
1354,All About Eve,Thriller,1950,4.045454545,66,1.434782609
1355,My Life as a Dog,Adventure,1985,3.978494624,93,1.430769231
1356,Ran,Romance,1985,4.1,70,1.428571429
1357,Eat Drink Man Woman,Drama,1994,4.05,80,1.428571429
1358,Laura,Drama,1944,4.1,40,1.428571429
1359,The  Man Who Would Be King,Romance,1975,4.025,80,1.428571429
1360,Before the Rain,Crime,1994,3.8,10,1.428571429
1361,Kazaam,Comedy,1996,1.8,10,1.428571429
1362,Bloodsport 2,Action,1995,1.7,10,1.428571429
1363,The  Day the Earth Stood Still,War,1951,3.93814433,97,1.426470588
1364,My Man Godfrey,Drama,1936,4.037037037,27,1.421052632
1365,Touch of Evil,Thriller,1958,3.911764706,34,1.416666667
1366,The  Princess Bride,Action Adventure,1987,4.172839506,324,1.414847162
1367,Raise the Red Lantern,Adventure Drama,1991,4.155172414,58,1.414634146
1368,Psycho,Action Comedy,1960,4.10041841,239,1.414201183
1369,Alien,Action Adventure,1979,4.034364261,291,1.412621359
1370,Nikita,War,1990,4.007874016,127,1.411111111
1371,Monty Python and the Holy Grail,Animation,1974,4.066455696,316,1.410714286
1372,Die xue shuang xiong,Thriller,1989,3.967741935,31,1.409090909
1373,Fly Away Home,Children,1996,3.903225806,31,1.409090909
1374,The  Flintstones,Comedy,1994,2.064516129,31,1.409090909
1375,Three Colors: Red,Drama,1994,4.060240964,83,1.406779661
1376,Hamlet,Romance,1996,4.011111111,90,1.40625
1377,The  39 Steps,Horror Sci-Fi,1935,4.050847458,59,1.404761905
1378,Beat the Devil,Comedy Drama,1954,3.714285714,7,1.4
1379,Amityville II: The Possession,Horror,1982,1.642857143,14,1.4
1380,Sense and Sensibility,Romance,1995,4.01119403,268,1.395833333
1381,Braveheart,Thriller,1995,4.151515152,297,1.394366197
1382,Ulee's Gold,Thriller,1997,3.96,50,1.388888889
1383,Lone Star,Romance,1996,4.053475936,187,1.385185185
1384,Cool Hand Luke,Comedy,1967,3.993902439,164,1.378151261
1385,The  Great Escape,War,1963,4.10483871,124,1.377777778
1386,Cat on a Hot Tin Roof,Children,1958,3.951612903,62,1.377777778
1387,When We Were Kings,Crime,1996,4.045454545,44,1.375
1388,M,Thriller,1931,4,44,1.375
1389,Gone Fishin',Drama,1997,1.818181818,11,1.375
1390,Gandhi,War,1982,4.020512821,195,1.373239437
1391,It Happened One Night,Musical,1934,4.012345679,81,1.372881356
1392,The  Sting,Thriller,1973,4.058091286,241,1.369318182
1393,The  Quiet Man,Crime,1952,4.029850746,67,1.367346939
1394,His Girl Friday,Adventure Comedy,1940,4,56,1.365853659
1395,The  Graduate,Thriller,1967,4.10460251,239,1.365714286
1396,Hoop Dreams,Romance,1994,4.094017094,117,1.360465116
1397,Roman Holiday,Noir,1953,4.102941176,68,1.36
1398,Dial M for Murder,Drama,1954,4,68,1.36
1399,Fargo,Action Adventure,1996,4.155511811,508,1.35828877
1400,Much Ado About Nothing,Horror Sci-Fi,1993,4.0625,176,1.353846154
1401,Shall We Dance?,Action Adventure,1996,4.260869565,46,1.352941176
1402,The  Godfather: Part II,War,1974,4.186602871,209,1.348387097
1403,A  Grand Day Out,War,1992,4.106060606,66,1.346938776
1404,Blade Runner,Thriller,1982,4.138181818,275,1.341463415
1405,Titanic,Children,1997,4.245714286,350,1.340996169
1406,The  Fugitive,War,1993,4.044642857,336,1.338645418
1407,Taxi Driver,Crime,1976,4.120879121,182,1.338235294
1408,Arsenic and Old Lace,Drama,1944,4.07826087,115,1.337209302
1409,Apt Pupil,Comedy Drama,1998,4.1,160,1.333333333
1410,Raging Bull,Drama,1980,4.120689655,116,1.333333333
1411,The  Philadelphia Story,Thriller,1940,4.115384615,104,1.333333333
1412,High Noon,Romance,1952,4.102272727,88,1.333333333
1413,La  Fille seule,Mystery Sci-Fi,1995,4,4,1.333333333
1414,Maya Lin: A Strong Clear Vision,Crime,1994,4.5,4,1.333333333
1415,A Chef in Love,Drama,1996,4.125,8,1.333333333
1416,Cosi,Drama,1996,4,4,1.333333333
1417,Other Rooms  Other Voices,Comedy Drama,1997,3,1,1.333333333
1418,A  Walk in the Sun,Comedy Drama,1945,3,1,1.333333333
1419,The  Silence of the Palace,Comedy Drama,1994,3,1,1.333333333
1420,Land and Freedom,Comedy Drama,1995,3,1,1.333333333
1421,Angela,Crime,1995,3,1,1.333333333
1422,Girls Town,Crime,1996,3,1,1.333333333
1423,Wedding Bell Blues,Crime,1996,3,1,1.333333333
1424,Century,Drama,1993,3,1,1.333333333
1425,The  Wife,Drama,1995,3,1,1.333333333
1426,Á köldum klaka,Drama,1994,3,1,1.333333333
1427,Two Friends,Drama,1986,3,1,1.333333333
1428,Normal Life,Drama,1996,3,1,1.333333333
1429,Dadetown,Drama,1995,3,1,1.333333333
1430,Hana-bi,Drama,1997,3,1,1.333333333
1431,The  Big One,Drama,1997,3,1,1.333333333
1432,Target,Drama,1995,3,1,1.333333333
1433,Tainted,Drama,1998,3,1,1.333333333
1434,Mirage,Drama,1995,3,1,1.333333333
1435,The  Sunchaser,Drama,1996,3,1,1.333333333
1436,Sweet Nothing,Drama,1995,3,1,1.333333333
1437,You So Crazy,Drama,1994,3,1,1.333333333
1438,Love Is All There Is,Romance,1996,3,1,1.333333333
1439,The  Fear,Romance,1995,3,1,1.333333333
1440,B. Monkey,Romance,1998,3,1,1.333333333
1441,Sleepover,Comedy,1995,3,1,1.333333333
1442,Mad Dog Time,Comedy,1996,3,1,1.333333333
1443,Johns,Comedy,1996,3,1,1.333333333
1444,All Things Fair,Comedy,1996,3,1,1.333333333
1445,The  Next Step,Comedy,1995,3,1,1.333333333
1446,Fire on the Mountain,Thriller,1996,3,1,1.333333333
1447,Three Lives and Only One Death,Thriller,1996,3,1,1.333333333
1448,Paris Was a Woman,Horror,1995,3,1,1.333333333
1449,Cyclo,Horror,1995,3,1,1.333333333
1450,The  Reluctant Debutante,Children,1958,3,1,1.333333333
1451,The  Eighth Day,Documentary,1996,3,1,1.333333333
1452,Nil By Mouth,Crime,1997,2,4,1.333333333
1453,Buddy,Comedy,1997,2.25,4,1.333333333
1454,The  Neon Bible,Drama,1995,1.75,4,1.333333333
1455,The  Designated Mourner,Romance,1997,1.75,4,1.333333333
1456,Dangerous Ground,Action Adventure,1997,1.75,8,1.333333333
1457,Solo,Action,1996,1.833333333,12,1.333333333
1458,The  Empire Strikes Back,Action Adventure,1980,4.204359673,367,1.329710145
1459,Glory,Comedy Drama,1989,4.076023392,171,1.325581395
1460,Belle de jour,War,1967,3.945945946,37,1.321428571
1461,Henry V,Drama Mystery,1989,4.137096774,124,1.319148936
1462,To Catch a Thief,Action Adventure,1955,4.02,50,1.315789474
1463,Cinema Paradiso,Comedy Sci-Fi,1988,4.173553719,121,1.315217391
1464,Lawnmower Man 2: Beyond Cyberspace,Action,1996,1.714285714,21,1.3125
1465,Dr. Strangelove or: How I Learned to Stop Worrying and Love the Bomb,Drama,1963,4.25257732,194,1.310810811
1466,L.A. Confidential,Drama,1997,4.161616162,297,1.308370044
1467,Jean de Florette,Drama,1986,4.109375,64,1.306122449
1468,The  Thin Man,Comedy,1934,4.15,60,1.304347826
1469,An  Affair to Remember,Drama,1957,4.192307692,26,1.3
1470,Once Were Warriors,Drama,1994,4.064516129,31,1.291666667
1471,Lawrence of Arabia,Comedy Drama,1962,4.231213873,173,1.291044776
1472,The  Horseman on the Roof,Animation,1995,4.111111111,9,1.285714286
1473,House Party 3,Drama,1994,2,9,1.285714286
1474,Ready to Wear,Action Drama,1994,1.833333333,18,1.285714286
1475,The  Godfather,Thriller,1972,4.283292978,413,1.282608696
1476,Mr. Smith Goes to Washington,Drama,1939,4.123809524,105,1.280487805
1477,Amadeus,Drama,1984,4.163043478,276,1.277777778
1478,Citizen Kane,Thriller,1941,4.292929293,198,1.277419355
1479,Sunset Blvd.,Thriller,1950,4.2,65,1.274509804
1480,The  Killing Fields,Drama,1984,4.132231405,121,1.273684211
1481,Big Bully,Comedy,1996,1.857142857,14,1.272727273
1482,Das  Boot,Comedy,1981,4.2039801,201,1.272151899
1483,Raiders of the Lost Ark,Sci-Fi,1981,4.252380952,420,1.268882175
1484,Notorious,Thriller,1946,4.115384615,52,1.268292683
1485,Good Will Hunting,Crime,1997,4.262626263,198,1.261146497
1486,Manon of the Spring,Comedy,1986,4.120689655,58,1.260869565
1487,The  Bridge on the River Kwai,Horror,1957,4.175757576,165,1.259541985
1488,The  Treasure of the Sierra Madre,War,1948,4.1,80,1.25
1489,"Horrible Life of Leni Riefenstahl, The  Wonderful",Romance,1993,4,10,1.25
1490,Jefferson in Paris,Children,1995,2,5,1.25
1491,Getting Even with Dad,Crime,1994,1.6,5,1.25
1492,Phat Beach,Drama,1996,1.6,5,1.25
1493,Theodore Rex,Comedy,1995,1.4,5,1.25
1494,The  African Queen,Drama,1951,4.184210526,152,1.245901639
1495,The  Maltese Falcon,Romance,1941,4.210144928,138,1.243243243
1496,Star Wars,Western,1977,4.358490566,583,1.224789916
1497,Paths of Glory,Crime,1957,4.212121212,33,1.222222222
1498,Robocop 3,Thriller,1993,1.727272727,11,1.222222222
1499,Secrets & Lies,War,1996,4.265432099,162,1.218045113
1500,One Flew Over the Cuckoo's Nest,Action Adventure,1975,4.291666667,264,1.216589862
1501,Some Folks Call It a Sling Blade,Comedy Drama,1993,4.292682927,41,1.205882353
1502,Waiting for Guffman,Drama,1996,4.127659574,47,1.205128205
1503,As Good As It Gets,Drama,1997,4.196428571,112,1.204301075
1504,Sling Blade,Drama,1996,4.198529412,136,1.203539823
1505,Spellbound,Comedy,1945,3.933333333,30,1.2
1506,Thirty-Two Short Films About Glenn Gould,Children,1993,3.944444444,18,1.2
1507,A  Farewell to Arms,Thriller,1932,3.833333333,12,1.2
1508,Bad Girls,Thriller,1994,1.833333333,6,1.2
1509,Best of the Best 3: No Turning Back,Comedy,1995,1.5,6,1.2
1510,Vampire in Brooklyn,Thriller,1995,1.833333333,12,1.2
1511,Land Before Time III: The Time of the Great Giving,Action,1995,1.666666667,6,1.2
1512,The  Usual Suspects,Comedy,1995,4.38576779,267,1.197309417
1513,The  Silence of the Lambs,Children,1991,4.28974359,390,1.18902439
1514,The  Manchurian Candidate,Drama,1962,4.259541985,131,1.18018018
1515,North by Northwest,Comedy Drama,1959,4.284916201,179,1.169934641
1516,Schindler's List,Romance,1993,4.466442953,298,1.168627451
1517,Bushwhacked,Western,1995,1.571428571,7,1.166666667
1518,To Kill a Mockingbird,Comedy,1962,4.292237443,219,1.158730159
1519,12 Angry Men,Sci-Fi,1957,4.344,125,1.157407407
1520,The  Wrong Trousers,Comedy Drama,1993,4.466101695,118,1.156862745
1521,A  Close Shave,Comedy Drama,1995,4.491071429,112,1.142857143
1522,The  Third Man,Romance,1949,4.333333333,72,1.142857143
1523,Kaspar Hauser,Romance,1993,4.25,8,1.142857143
1524,Rear Window,Comedy,1954,4.387559809,209,1.142076503
1525,The  Shawshank Redemption,Comedy Drama,1994,4.445229682,283,1.141129032
1526,Casablanca,Noir Mystery,1942,4.456790123,243,1.135514019
1527,Vertigo,Thriller,1958,4.251396648,179,1.132911392
1528,Children of the Corn: The Gathering,Comedy,1996,1.315789474,19,1.117647059
1529,Wallace & Gromit: The Best of Aardman Animation,Documentary,1996,4.447761194,67,1.116666667
1530,Fresh,Comedy Drama,1994,4.1,10,1.111111111
1531,Pather Panchali,Romance,1955,4.625,8,1
1532,Santa with Muscles,War,1996,5,2,1
1533,Prefontaine,Romance,1997,5,3,1
1534,The  Innocents,Adventure Drama,1961,4.25,4,1
1535,The  Saint of Fort Washington,Drama,1993,5,2,1
1536,Stonewall,Drama,1995,4.2,5,1
1537,Star Kid,Documentary,1997,5,3,1
1538,The  Substance of Fire,Comedy Drama,1996,4,1,1
1539,Tokyo Fist,Comedy Drama,1995,4,1,1
1540,Nightwatch,Comedy Drama,1997,4,1,1
1541,Bitter Sugar,Drama,1996,4.333333333,3,1
1542,Celestial Clockwork,Crime,1994,4,2,1
1543,Some Mother's Son,Drama,1996,4.5,2,1
1544,The  Woman in Question,Noir,1950,1,1,1
1545,Lady of Burlesque,Crime,1943,4,1,1
1546,I Don't Want to Talk About It,Crime,1993,4,1,1
1547,They Made Me a Criminal,Drama,1939,5,1,1
1548,A  Great Day in Harlem,Romance,1994,5,1,1
1549,A  Damsel in Distress,Musical,1937,4,1,1
1550,Anna,Thriller,1996,4.5,2,1
1551,Everest,Thriller,1998,4.5,2,1
1552,Angel on My Shoulder,Western,1946,2,1,1
1553,Marlene Dietrich: Shadow and Light,Comedy,1996,5,1,1
1554,Aiqing wansui,Comedy,1994,5,1,1
1555,Someone Else's America,Comedy,1995,5,1,1
1556,Entertaining Angels: The Dorothy Day Story,Comedy,1996,5,1,1
1557,Crossfire,Documentary,1947,4.25,4,1
1558,La  Cérémonie,Thriller,1995,4,3,1
1559,The  Big Bang Theory,Drama,1994,4,1,1
1560,Killer: A Journal of Murder,Drama,1995,4,1,1
1561,Wings of Courage,Drama,1995,4,1,1
1562,Brothers in Trouble,Drama,1995,4,1,1
1563,Mamma Roma,Drama,1962,4,1,1
1564,The  Gate of Heavenly Peace,Romance,1995,4,1,1
1565,Window to Paris,Romance,1994,4,1,1
1566,Desert Winds,Romance,1995,4,1,1
1567,The  Spanish Prisoner,Romance,1997,4,1,1
1568,JLG/JLG - autoportrait de décembre,Animation,1994,1,1,1
1569,Lashou shentan,Western,1992,1,1,1
1570,Farmer & Chase,Comedy,1995,4,1,1
1571,Witness,Comedy,1985,4,1,1
1572,He Walked by Night,Comedy,1948,4,1,1
1573,Jupiter's Wife,Thriller,1994,4,1,1
1574,The  Object of My Affection,Thriller,1998,4,1,1
1575,The  Butcher Boy,Thriller,1998,4,1,1
1576,Here Comes Cookie,Crime,1935,2,1,1
1577,Vermont Is For Lovers,Comedy Drama,1992,1,1,1
1578,Terror in a Texas Town,Comedy Drama,1958,1,1,1
1579,Nobody Loves Me,Comedy Drama,1994,1,1,1
1580,Power 98,Action Adventure,1995,1,1,1
1581,Death in Brunswick,Documentary,1991,4,1,1
1582,Hostile Intentions,Crime,1994,1,1,1
1583,Deceiver,Drama,1997,2,1,1
1584,Etz Hadomim Tafus,Drama,1994,2,1,1
1585,Small Faces,Drama,1995,2,1,1
1586,A  Brother's Kiss,Drama,1997,2,1,1
1587,Ripe,Drama,1996,2,1,1
1588,The  War at Home,Drama,1996,2,1,1
1589,The  Favor,Romance,1994,2,1,1
1590,Nothing Personal,Comedy,1995,2,1,1
1591,Sliding Doors,Comedy,1998,2,1,1
1592,Carmen Miranda: Bananas Is My Business,Comedy Drama,1994,1.5,2,1
1593,Raw Deal,Thriller,1948,2,1,1
1594,Shopping,Thriller,1994,2,1,1
1595,Hush,Thriller,1998,2,1,1
1596,MURDER and murder,Thriller,1996,2,1,1
1597,Coldblooded,Children,1995,2,1,1
1598,A  Very Natural Thing,Drama,1974,1,1,1
1599,August,Drama,1996,1,1,1
1600,The  Low Life,Drama,1994,1,1,1
1601,The  Crude Oasis,Drama,1995,1,1,1
1602,Hedd Wyn,Drama,1992,1,1,1
1603,Lotto Land,Drama,1995,1,1,1
1604,Mille bolle blu,Drama,1993,1,1,1
1605,Il  Mostro,Drama,1994,1,1,1
1606,Yankee Zulu,Drama,1994,1,1,1
1607,The  Promise,Drama,1994,1,1,1
1608,To Cross the Rubicon,Drama,1991,1,1,1
1609,Daens,Drama,1992,1,1,1
1610,Quartier Mozart,Drama,1992,1,1,1
1611,Touki Bouki,Drama,1973,1,1,1
1612,Pharaoh's Army,Drama,1995,1,1,1
1613,A  Hungarian Fairy Tale,Drama,1987,1,1,1
1614,Death in the Garden,Drama,1956,1,1,1
1615,T-Men,Drama,1947,1,1,1
1616,The  Invitation,Drama,1986,1,1,1
1617,Office Killer,Drama,1997,1,1,1
1618,King of New York,Drama,1990,1,1,1
1619,Getting Away With Murder,Drama,1996,1,1,1
1620,A  Further Gesture,Drama,1996,1,1,1
1621,Stefano Quantestorie,Romance,1993,1,1,1
1622,Shadow of Angels,Romance,1976,1,1,1
1623,Girl in the Cadillac,Romance,1995,1,1,1
1624,The  Eye of Vichy,Romance,1993,1,1,1
1625,Careful,Romance,1992,1,1,1
1626,Baton Rouge,Romance,1988,1,1,1
1627,Chairman of the Board,Romance,1998,1,1,1
1628,The  New Age,Romance,1994,1,1,1
1629,Foreign Student,Drama,1994,2,2,1
1630,Homage,Comedy,1995,1,1,1
1631,Every Other Weekend,Comedy,1990,1,1,1
1632,Good Morning,Comedy,1971,1,1,1
1633,A  Modern Affair,Comedy,1995,1,1,1
1634,The  Man from Down Under,Comedy,1943,1,1,1
1635,La  Vie est belle,Comedy,1987,1,1,1
1636,Butterfly Kiss,Comedy,1995,1,1,1
1637,The Courtyard,Thriller,1995,1,1,1
1638,Mat' i syn,Thriller,1997,1,1,1
1639,Wend Kuuni,Horror,1982,1,1,1
1640,Niagara  Niagara,Documentary,1997,2,1,1
1641,Police Story 4: Project S,Children,1993,1,1,1
1642,Kika,Thriller,1993,2,2,1
1643,Time Tracers,Drama,1995,1.5,2,1
1644,Sudden Manhattan,Drama,1996,1.5,2,1
1645,Sprung,Drama,1997,2,3,1
1646,Worst of All  I,Fantasy,1990,1,1,1
1647,Country Life,Comedy,1994,1.5,2,1
1648,Crows and Sparrows,Comedy,1949,1.5,2,1
1649,The  Sexual Life of the Belgians,Comedy,1994,1.5,2,1
1650,Dream Man,Comedy,1995,1.5,2,1
1651,The  Butcher Boy,Action Drama,1998,4,1,1
1652,Shadows,Documentary,1988,1,1,1
1653,Tigrero: A Film That Was Never Made,Documentary,1994,1,1,1
1654,La  Symphonie pastorale,Documentary,1946,1,1,1
1655,Naked in New York,Children,1994,1.5,2,1
1656,Babyfever,Drama,1994,1,2,1
1657,Somebody to Love,Drama,1994,1,2,1
1658,Venice/Venice,Drama,1992,1,2,1
1659,Falling in Love Again,Drama,1980,1,2,1
1660,Beyond Bedlam,Romance,1993,1,2,1
1661,Boys in Venice,Comedy,1996,1,2,1
1662,Johnny 100 Pesos,Documentary,1993,1.5,2,1
1663,Catwalk,Drama,1995,1.333333333,3,1
1664,Gilligan's Island: The Movie,Drama,1998,1.333333333,3,1
1665,Castle Freak,Comedy Drama,1995,1.25,4,1
1666,Being Human,Children,1993,1.75,4,1
1667,Nemesis 2: Nebula,Action Drama,1995,2,1,1
1668,Liebelei,Mystery,1933,1,1,1
1669,Gordy,Children,1995,1,3,1
1670,The  Leopard Son,Action,1996,1,1,1
1671,Bird of Prey,Action Drama,1996,1,1,1
1672,The  Bloody Child,Comedy Horror,1996,1,1,1
1673,The  Amityville Curse,Horror,1990,1.25,4,1
1674,The  Machine,Action,1994,1.5,2,1
1675,Ed,Comedy,1996,1.333333333,6,1
1676,3 Ninjas: High Noon At Mega Mountain,Thriller,1998,1,5,1
1677,Amityville 1992: It's About Time,Horror,1992,1,5,1
1678,Amityville: A New Generation,Horror,1993,1,5,1
1679,Amityville 3-D,Horror,1983,1.166666667,6,1
1680,The  Mighty,Action Drama,1998,1,3,1
1681,Amityville: Dollhouse,Comedy Horror,1996,1,3,1
